"first_seen_utc","ioc_id","ioc_value","ioc_type","threat_type","fk_malware","malware_alias","malware_printable","last_seen_utc","confidence_level","reference","tags","anonymous","reporter"
"2026-10-10 07:34:46","""1959835""","""morib.store""","""domain""","""payload_delivery""","""js.clearfake""","""None""","""ClearFake""","""""","""100""","""False""","""None""","""ClearFake""","""0"""
"2026-10-10 07:32:42","""1959834""","""clward.com""","""domain""","""payload_delivery""","""js.clearfake""","""None""","""ClearFake""","""""","""90""","""False""","""None""","""ClearFake","ClickFix"
"2026-10-10 07:02:10","""1959806""","""risepobo.workers.dev""","""domain""","""payload_delivery""","""php.shin_webshell""","""None""","""php.shin_webshell""","""""","""50""","""True""","""None""","""Cloudflare","GIF"
"2026-10-10 07:00:16","""1959805""","""62r6hrqaoj.workers.dev""","""domain""","""payload_delivery""","""php.shin_webshell""","""None""","""php.shin_webshell""","""""","""50""","""True""","""None""","""Cloudflare","GIF"
"2026-10-10 06:51:45","""1959804""","""ziwuvexy.workers.dev""","""domain""","""payload_delivery""","""php.shin_webshell""","""None""","""php.shin_webshell""","""""","""50""","""True""","""None""","""Cloudflare","GIF"
"2026-10-10 06:28:05","""1959803""","""146-241-111-165.dyn.eolo.it""","""domain""","""payload_delivery""","""php.shin_webshell""","""None""","""php.shin_webshell""","""""","""50""","""True""","""None""","""GIF","PHP"
"2026-10-10 06:07:55","""1959782""","""j0p0cibb.lunza.store""","""domain""","""payload_delivery""","""js.clearfake""","""None""","""ClearFake""","""""","""100""","""False""","""None""","""ClearFake","mac-0x0f14"
"2026-10-10 06:02:08","""1959442""","""www.osmb.net""","""domain""","""payload_delivery""","""win.coinminer""","""None""","""Coinminer""","""""","""100""","""False""","""""","""coinminer","runelure"""
"2026-10-10 06:02:07","""1959443""","""osbot.net""","""domain""","""payload_delivery""","""win.coinminer""","""None""","""Coinminer""","""""","""100""","""False""","""""","""coinminer","runelure"""
"2026-10-10 06:02:05","""1959489""","""999.34c9f78b4ef541baac4a6e84d4f832a7.lol""","""domain""","""botnet_cc""","""unknown""","""None""","""Unknown malware""","""""","""100""","""False""","""https://www.virustotal.com/gui/file/1b723594e574c00aac2c946ff738a0454f7c24f6ebc84ae45a6af9628b08cb96/behavior""","""botnet""","""0"""
"2026-10-10 06:02:00","""1959513""","""prod-static.nascarnash.com""","""domain""","""botnet_cc""","""js.fakeupdates""","""FakeUpdate","GhoLoader","SocGholish""","""FAKEUPDATES""","""""","""100""","""False""","""https://infosec.exchange/@monitorsg/117413253207385243"""
"2026-10-10 06:01:53","""1959647""","""33pedia.org""","""domain""","""botnet_cc""","""win.vidar""","""None""","""Vidar""","""""","""100""","""False""","""https://www.virustotal.com/gui/file/4dbc2a3dcbd0a5a711f45789a4367cd959fc0dcc37ddc1d6e335cb98925aa688/behavior""","""c2","vidar"""
"2026-10-10 06:01:53","""1959648""","""9bf7j6bzrzzg.ifuckurmomjaffacakes.win""","""domain""","""botnet_cc""","""unknown""","""None""","""Unknown malware""","""""","""100""","""False""","""None""","""bytenode","Discord"
"2026-10-10 06:01:53","""1959649""","""ifuckurmomjaffacakes.win""","""domain""","""botnet_cc""","""unknown""","""None""","""Unknown malware""","""""","""100""","""False""","""None""","""bytenode","Discord"
"2026-10-10 06:01:52","""1959650""","""4toto.net""","""domain""","""botnet_cc""","""win.vidar""","""None""","""Vidar""","""""","""75""","""False""","""https://www.virustotal.com/gui/file/b6ea43e7f0371f5278f7d56dbdea7da203fe51976f5ea3751aff0598d44d8921/behavior""","""c2","vidar"""
"2026-10-10 05:56:34","""1959774""","""7ubpxz82hg.workers.dev""","""domain""","""payload_delivery""","""php.shin_webshell""","""None""","""php.shin_webshell""","""""","""50""","""True""","""None""","""Cloudflare","GIF"
"2026-10-10 05:49:27","""1959772""","""penislandrocket.gov.com""","""domain""","""payload_delivery""","""js.iclickfix""","""None""","""IClickFix""","""""","""100""","""False""","""None""","""ClickFix""","""0"""
"2026-10-10 05:49:06","""1959770""","""32323421342.gov.com""","""domain""","""payload_delivery""","""js.iclickfix""","""None""","""IClickFix""","""""","""100""","""False""","""None""","""ClickFix""","""0"""
"2026-10-10 05:48:37","""1959768""","""3232342342.gov.com""","""domain""","""payload_delivery""","""js.iclickfix""","""None""","""IClickFix""","""""","""100""","""False""","""None""","""ClickFix""","""0"""
"2026-10-10 05:40:37","""1959765""","""brows-check-ids.codes""","""domain""","""payload_delivery""","""js.iclickfix""","""None""","""IClickFix""","""""","""100""","""False""","""None""","""ClickFix""","""0"""
"2026-10-10 05:24:30","""1959763""","""check-codbrowse.beer""","""domain""","""payload_delivery""","""js.iclickfix""","""None""","""IClickFix""","""""","""100""","""False""","""None""","""ClickFix""","""0"""
"2026-10-10 05:14:25","""1959762""","""misle.store""","""domain""","""payload_delivery""","""js.clearfake""","""None""","""ClearFake""","""""","""100""","""False""","""None""","""ClearFake""","""0"""
"2026-10-10 04:48:42","""1959755""","""rtplive-miliarbet.store""","""domain""","""payload_delivery""","""js.clearfake""","""None""","""ClearFake""","""""","""100""","""False""","""None""","""ClearFake""","""0"""
"2026-10-10 04:48:36","""1959754""","""kflm3k81.rtplive-miliarbet.store""","""domain""","""payload_delivery""","""js.clearfake""","""None""","""ClearFake""","""""","""100""","""False""","""None""","""ClearFake","mac-0x76c7"
"2026-10-10 04:29:53","""1959753""","""zodysate.workers.dev""","""domain""","""payload_delivery""","""php.shin_webshell""","""None""","""php.shin_webshell""","""""","""50""","""True""","""None""","""Cloudflare","GIF"
"2026-10-10 04:19:28","""1959751""","""40faint.workers.dev""","""domain""","""payload_delivery""","""php.shin_webshell""","""None""","""php.shin_webshell""","""""","""50""","""True""","""None""","""Cloudflare","GIF"
"2026-10-10 03:49:57","""1959739""","""samehoo229.fun""","""domain""","""payload_delivery""","""js.clearfake""","""None""","""ClearFake""","""""","""90""","""False""","""None""","""ClearFake","ClickFix"
"2026-10-10 03:21:51","""1959736""","""zitysade.workers.dev""","""domain""","""payload_delivery""","""php.shin_webshell""","""None""","""php.shin_webshell""","""""","""50""","""True""","""None""","""Cloudflare","GIF"
"2026-10-10 02:10:49","""1959716""","""8rlmyiu3.b00kself.com""","""domain""","""payload_delivery""","""js.clearfake""","""None""","""ClearFake""","""""","""100""","""False""","""None""","""ClearFake","mac-0x0f14"
"2026-10-10 01:55:38","""1959714""","""qolyvohu.workers.dev""","""domain""","""payload_delivery""","""php.shin_webshell""","""None""","""php.shin_webshell""","""""","""50""","""True""","""None""","""Cloudflare","GIF"
"2026-10-10 01:50:14","""1959713""","""nuzufico.workers.dev""","""domain""","""payload_delivery""","""php.shin_webshell""","""None""","""php.shin_webshell""","""""","""50""","""True""","""None""","""Cloudflare","GIF"
"2026-10-10 00:52:24","""1959646""","""furiousmiquela.workers.dev""","""domain""","""payload_delivery""","""php.shin_webshell""","""None""","""php.shin_webshell""","""""","""50""","""True""","""None""","""Cloudflare","GIF"
"2026-10-10 00:48:47","""1959643""","""13f33a61.pattysole.com""","""domain""","""payload_delivery""","""js.clearfake""","""None""","""ClearFake""","""""","""90""","""False""","""None""","""ClearFake","ClickFix"
"2026-10-10 00:40:34","""1959642""","""76.92.216.35.bc.googleusercontent.com""","""domain""","""payload_delivery""","""php.shin_webshell""","""None""","""php.shin_webshell""","""""","""50""","""True""","""None""","""GIF","PHP"
"2026-10-10 00:33:23","""1959639""","""brows-check.codes""","""domain""","""payload_delivery""","""js.iclickfix""","""None""","""IClickFix""","""2026-10-10 05:49:40""","""100""","""False""","""None""","""ClickFix""","""0"""
"2026-10-09 23:55:20","""1959588""","""google-proxy-66-249-88-99.google.com""","""domain""","""payload_delivery""","""php.shin_webshell""","""None""","""php.shin_webshell""","""""","""50""","""True""","""None""","""GIF","PHP"
"2026-10-09 23:29:06","""1959563""","""ohetl1ri2c.workers.dev""","""domain""","""payload_delivery""","""php.shin_webshell""","""None""","""php.shin_webshell""","""""","""50""","""True""","""None""","""Cloudflare","GIF"
"2026-10-09 23:17:31","""1959561""","""purizezo.workers.dev""","""domain""","""payload_delivery""","""php.shin_webshell""","""None""","""php.shin_webshell""","""""","""50""","""True""","""None""","""Cloudflare","GIF"
"2026-10-09 23:08:28","""1959528""","""f81503e8.b00kself.com""","""domain""","""payload_delivery""","""js.clearfake""","""None""","""ClearFake""","""""","""90""","""False""","""None""","""ClearFake","ClickFix"
"2026-10-09 23:08:26","""1959527""","""bf5f2f9e.b00kself.com""","""domain""","""payload_delivery""","""js.clearfake""","""None""","""ClearFake""","""""","""90""","""False""","""None""","""ClearFake","ClickFix"
"2026-10-09 22:51:29","""1959526""","""google-proxy-66-249-88-100.google.com""","""domain""","""payload_delivery""","""php.shin_webshell""","""None""","""php.shin_webshell""","""""","""50""","""True""","""None""","""GIF","PHP"
"2026-10-09 22:42:02","""1959525""","""google-proxy-66-249-88-229.google.com""","""domain""","""payload_delivery""","""php.shin_webshell""","""None""","""php.shin_webshell""","""""","""50""","""True""","""None""","""GIF","PHP"
"2026-10-09 22:27:13","""1959521""","""zyxube.workers.dev""","""domain""","""payload_delivery""","""php.shin_webshell""","""None""","""php.shin_webshell""","""""","""50""","""True""","""None""","""Cloudflare","GIF"
"2026-10-09 22:19:43","""1959516""","""ecned5tg.roseanne.id""","""domain""","""payload_delivery""","""js.clearfake""","""None""","""ClearFake""","""""","""100""","""False""","""None""","""ClearFake","mac-0x76c7"
"2026-10-09 21:57:33","""1959498""","""76dlzuzd.pinke.store""","""domain""","""payload_delivery""","""js.clearfake""","""None""","""ClearFake""","""""","""100""","""False""","""None""","""ClearFake","mac-0x0f14"
"2026-10-09 21:44:41","""1959491""","""groupby.careers""","""domain""","""payload_delivery""","""unknown_loader""","""None""","""Unknown Loader""","""2026-10-09 22:38:26""","""75""","""True""","""""","""etherhiding""","""0"""
"2026-10-09 21:44:41","""1959492""","""includetraining.eu""","""domain""","""payload_delivery""","""unknown_loader""","""None""","""Unknown Loader""","""2026-10-09 22:17:43""","""75""","""True""","""""","""etherhiding""","""0"""
"2026-10-09 21:18:44","""1959488""","""mugico.workers.dev""","""domain""","""payload_delivery""","""php.shin_webshell""","""None""","""php.shin_webshell""","""""","""50""","""True""","""None""","""Cloudflare","GIF"
"2026-10-09 21:17:55","""1959487""","""fern-roam-moss-luio.pro""","""domain""","""payload_delivery""","""js.iclickfix""","""None""","""IClickFix""","""""","""100""","""False""","""""","""ClickFix","Mac"""
"2026-10-09 21:11:50","""1959444""","""mojixovo.workers.dev""","""domain""","""payload_delivery""","""php.shin_webshell""","""None""","""php.shin_webshell""","""""","""50""","""True""","""None""","""Cloudflare","GIF"
"2026-10-09 21:02:52","""1959424""","""yauvanpower.online""","""domain""","""payload_delivery""","""js.iclickfix""","""None""","""IClickFix""","""2026-10-09 21:07:32""","""100""","""False""","""""","""ClickFix","Mac"""
"2026-10-09 21:02:52","""1959425""","""yj2005.net""","""domain""","""payload_delivery""","""js.iclickfix""","""None""","""IClickFix""","""2026-10-09 21:07:30""","""100""","""False""","""""","""ClickFix","Mac"""
"2026-10-09 21:02:52","""1959426""","""ylevents.com""","""domain""","""payload_delivery""","""js.iclickfix""","""None""","""IClickFix""","""2026-10-09 21:07:31""","""100""","""False""","""""","""ClickFix","Mac"""
"2026-10-09 21:02:52","""1959427""","""ymusic.id""","""domain""","""payload_delivery""","""js.iclickfix""","""None""","""IClickFix""","""""","""100""","""False""","""""","""ClickFix","Mac"""
"2026-10-09 21:02:52","""1959428""","""yogitaelegantbeauty.com""","""domain""","""payload_delivery""","""js.iclickfix""","""None""","""IClickFix""","""2026-10-09 21:07:32""","""100""","""False""","""""","""ClickFix","Mac"""
"2026-10-09 21:02:52","""1959429""","""youssefragab.com""","""domain""","""payload_delivery""","""js.iclickfix""","""None""","""IClickFix""","""2026-10-09 21:07:28""","""100""","""False""","""""","""ClickFix","Mac"""
"2026-10-09 21:02:52","""1959430""","""ysense.pro""","""domain""","""payload_delivery""","""js.iclickfix""","""None""","""IClickFix""","""2026-10-09 21:07:32""","""100""","""False""","""""","""ClickFix","Mac"""
"2026-10-09 21:02:52","""1959431""","""z5cable.com""","""domain""","""payload_delivery""","""js.iclickfix""","""None""","""IClickFix""","""2026-10-09 21:07:33""","""100""","""False""","""""","""ClickFix","Mac"""
"2026-10-09 21:02:52","""1959432""","""zapxa.com""","""domain""","""payload_delivery""","""js.iclickfix""","""None""","""IClickFix""","""2026-10-09 21:07:29""","""100""","""False""","""""","""ClickFix","Mac"""
"2026-10-09 21:02:52","""1959433""","""zeus138.co""","""domain""","""payload_delivery""","""js.iclickfix""","""None""","""IClickFix""","""2026-10-09 21:07:31""","""100""","""False""","""""","""ClickFix","Mac"""
"2026-10-09 21:02:52","""1959434""","""zeus138.ink""","""domain""","""payload_delivery""","""js.iclickfix""","""None""","""IClickFix""","""2026-10-09 21:07:31""","""100""","""False""","""""","""ClickFix","Mac"""
"2026-10-09 21:02:52","""1959435""","""zeus773jpe.online""","""domain""","""payload_delivery""","""js.iclickfix""","""None""","""IClickFix""","""2026-10-09 21:17:34""","""100""","""False""","""""","""ClickFix","Mac"""
"2026-10-09 21:02:52","""1959436""","""zonainfo.biz.id""","""domain""","""payload_delivery""","""js.iclickfix""","""None""","""IClickFix""","""2026-10-09 21:17:34""","""100""","""False""","""""","""ClickFix","Mac"""
"2026-10-09 21:02:51","""1959397""","""tusometech.com""","""domain""","""payload_delivery""","""js.iclickfix""","""None""","""IClickFix""","""2026-10-09 21:07:29""","""100""","""False""","""""","""ClickFix","Mac"""
"2026-10-09 21:02:51","""1959398""","""ufaxs.bet""","""domain""","""payload_delivery""","""js.iclickfix""","""None""","""IClickFix""","""2026-10-10 00:14:32""","""100""","""False""","""""","""ClickFix","Mac"""
"2026-10-09 21:02:51","""1959399""","""upsurge.solutions""","""domain""","""payload_delivery""","""js.iclickfix""","""None""","""IClickFix""","""2026-10-09 21:17:36""","""100""","""False""","""""","""ClickFix","Mac"""
"2026-10-09 21:02:51","""1959400""","""upvod.net""","""domain""","""payload_delivery""","""js.iclickfix""","""None""","""IClickFix""","""2026-10-09 21:07:29""","""100""","""False""","""""","""ClickFix","Mac"""
"2026-10-09 21:02:51","""1959401""","""uttejpalavai.com""","""domain""","""payload_delivery""","""js.iclickfix""","""None""","""IClickFix""","""2026-10-10 02:29:30""","""100""","""False""","""""","""ClickFix","Mac"""
"2026-10-09 21:02:51","""1959402""","""varnixboya.com""","""domain""","""payload_delivery""","""js.iclickfix""","""None""","""IClickFix""","""2026-10-10 02:30:17""","""100""","""False""","""""","""ClickFix","Mac"""
"2026-10-09 21:02:51","""1959403""","""vebiotic.com""","""domain""","""payload_delivery""","""js.iclickfix""","""None""","""IClickFix""","""2026-10-10 02:29:42""","""100""","""False""","""""","""ClickFix","Mac"""
"2026-10-09 21:02:51","""1959404""","""venom189.org""","""domain""","""payload_delivery""","""js.iclickfix""","""None""","""IClickFix""","""2026-10-10 02:29:22""","""100""","""False""","""""","""ClickFix","Mac"""
"2026-10-09 21:02:51","""1959405""","""voiceofthesun.com""","""domain""","""payload_delivery""","""js.iclickfix""","""None""","""IClickFix""","""2026-10-09 21:07:30""","""100""","""False""","""""","""ClickFix","Mac"""
"2026-10-09 21:02:51","""1959406""","""waitservices.co.uk""","""domain""","""payload_delivery""","""js.iclickfix""","""None""","""IClickFix""","""2026-10-09 21:17:35""","""100""","""False""","""""","""ClickFix","Mac"""
"2026-10-09 21:02:51","""1959407""","""wakanda123king.shop""","""domain""","""payload_delivery""","""js.iclickfix""","""None""","""IClickFix""","""2026-10-10 02:29:12""","""100""","""False""","""""","""ClickFix","Mac"""
"2026-10-09 21:02:51","""1959408""","""wakanda123plays.info""","""domain""","""payload_delivery""","""js.iclickfix""","""None""","""IClickFix""","""2026-10-09 21:07:31""","""100""","""False""","""""","""ClickFix","Mac"""
"2026-10-09 21:02:51","""1959409""","""wakanda123us.store""","""domain""","""payload_delivery""","""js.iclickfix""","""None""","""IClickFix""","""2026-10-09 21:07:30""","""100""","""False""","""""","""ClickFix","Mac"""
"2026-10-09 21:02:51","""1959410""","""wakandaasia.online""","""domain""","""payload_delivery""","""js.iclickfix""","""None""","""IClickFix""","""2026-10-09 21:07:32""","""100""","""False""","""""","""ClickFix","Mac"""
"2026-10-09 21:02:51","""1959411""","""warungseblak.co.id""","""domain""","""payload_delivery""","""js.iclickfix""","""None""","""IClickFix""","""2026-10-09 21:17:36""","""100""","""False""","""""","""ClickFix","Mac"""
"2026-10-09 21:02:51","""1959412""","""wecarehairstudio.com""","""domain""","""payload_delivery""","""js.iclickfix""","""None""","""IClickFix""","""2026-10-09 21:17:35""","""100""","""False""","""""","""ClickFix","Mac"""
"2026-10-09 21:02:51","""1959413""","""welespoken.com""","""domain""","""payload_delivery""","""js.iclickfix""","""None""","""IClickFix""","""2026-10-09 22:17:43""","""100""","""False""","""""","""ClickFix","Mac"""
"2026-10-09 21:02:51","""1959414""","""wesolveit.pt""","""domain""","""payload_delivery""","""js.iclickfix""","""None""","""IClickFix""","""""","""100""","""False""","""""","""ClickFix","Mac"""
"2026-10-09 21:02:51","""1959415""","""wibestgh.com""","""domain""","""payload_delivery""","""js.iclickfix""","""None""","""IClickFix""","""2026-10-09 21:07:33""","""100""","""False""","""""","""ClickFix","Mac"""
"2026-10-09 21:02:51","""1959416""","""woles189.org""","""domain""","""payload_delivery""","""js.iclickfix""","""None""","""IClickFix""","""2026-10-09 21:07:30""","""100""","""False""","""""","""ClickFix","Mac"""
"2026-10-09 21:02:51","""1959417""","""worldgo.online""","""domain""","""payload_delivery""","""js.iclickfix""","""None""","""IClickFix""","""2026-10-10 02:30:11""","""100""","""False""","""""","""ClickFix","Mac"""
"2026-10-09 21:02:51","""1959418""","""worldtripora.com""","""domain""","""payload_delivery""","""js.iclickfix""","""None""","""IClickFix""","""2026-10-09 21:17:36""","""100""","""False""","""""","""ClickFix","Mac"""
"2026-10-09 21:02:51","""1959419""","""ww2clash.com""","""domain""","""payload_delivery""","""js.iclickfix""","""None""","""IClickFix""","""2026-10-09 21:17:35""","""100""","""False""","""""","""ClickFix","Mac"""
"2026-10-09 21:02:51","""1959420""","""www82live.com""","""domain""","""payload_delivery""","""js.iclickfix""","""None""","""IClickFix""","""""","""100""","""False""","""""","""ClickFix","Mac"""
"2026-10-09 21:02:51","""1959421""","""www88vv.com""","""domain""","""payload_delivery""","""js.iclickfix""","""None""","""IClickFix""","""""","""100""","""False""","""""","""ClickFix","Mac"""
"2026-10-09 21:02:51","""1959422""","""yalla5shoot.com""","""domain""","""payload_delivery""","""js.iclickfix""","""None""","""IClickFix""","""2026-10-09 21:07:33""","""100""","""False""","""""","""ClickFix","Mac"""
"2026-10-09 21:02:51","""1959423""","""yandexslot01.space""","""domain""","""payload_delivery""","""js.iclickfix""","""None""","""IClickFix""","""2026-10-09 21:07:30""","""100""","""False""","""""","""ClickFix","Mac"""
"2026-10-09 21:02:50","""1959393""","""supremelabbd.com""","""domain""","""payload_delivery""","""js.iclickfix""","""None""","""IClickFix""","""""","""100""","""False""","""""","""ClickFix","Mac"""
"2026-10-09 21:02:50","""1959394""","""synnersys.com""","""domain""","""payload_delivery""","""js.iclickfix""","""None""","""IClickFix""","""""","""100""","""False""","""""","""ClickFix","Mac"""
"2026-10-09 21:02:50","""1959395""","""tealnetwork.biz""","""domain""","""payload_delivery""","""js.iclickfix""","""None""","""IClickFix""","""""","""100""","""False""","""""","""ClickFix","Mac"""
"2026-10-09 21:02:50","""1959396""","""theacosta.house""","""domain""","""payload_delivery""","""js.iclickfix""","""None""","""IClickFix""","""2026-10-10 00:04:31""","""100""","""False""","""""","""ClickFix","Mac"""
"2026-10-09 21:02:49","""1959365""","""rcschoudhary.com""","""domain""","""payload_delivery""","""js.iclickfix""","""None""","""IClickFix""","""""","""100""","""False""","""""","""ClickFix","Mac"""
"2026-10-09 21:02:49","""1959366""","""reallymake.com""","""domain""","""payload_delivery""","""js.iclickfix""","""None""","""IClickFix""","""""","""100""","""False""","""""","""ClickFix","Mac"""
"2026-10-09 21:02:49","""1959367""","""rebakagit.com""","""domain""","""payload_delivery""","""js.iclickfix""","""None""","""IClickFix""","""""","""100""","""False""","""""","""ClickFix","Mac"""
"2026-10-09 21:02:49","""1959368""","""rentaride.top""","""domain""","""payload_delivery""","""js.iclickfix""","""None""","""IClickFix""","""2026-10-10 02:07:21""","""100""","""False""","""""","""ClickFix","Mac"""
"2026-10-09 21:02:49","""1959369""","""rescuekings.com""","""domain""","""payload_delivery""","""js.iclickfix""","""None""","""IClickFix""","""""","""100""","""False""","""""","""ClickFix","Mac"""
"2026-10-09 21:02:49","""1959370""","""resianenterprisesltd.com""","""domain""","""payload_delivery""","""js.iclickfix""","""None""","""IClickFix""","""2026-10-10 02:07:22""","""100""","""False""","""""","""ClickFix","Mac"""
"2026-10-09 21:02:49","""1959371""","""resulttopwin1st.world""","""domain""","""payload_delivery""","""js.iclickfix""","""None""","""IClickFix""","""""","""100""","""False""","""""","""ClickFix","Mac"""
"2026-10-09 21:02:49","""1959372""","""rivlet.pro""","""domain""","""payload_delivery""","""js.iclickfix""","""None""","""IClickFix""","""2026-10-10 02:27:40""","""100""","""False""","""""","""ClickFix","Mac"""
"2026-10-09 21:02:49","""1959373""","""rmfx.limited""","""domain""","""payload_delivery""","""js.iclickfix""","""None""","""IClickFix""","""2026-10-09 22:17:42""","""100""","""False""","""""","""ClickFix","Mac"""
"2026-10-09 21:02:49","""1959374""","""rootsinfosoft.com""","""domain""","""payload_delivery""","""js.iclickfix""","""None""","""IClickFix""","""2026-10-10 00:04:30""","""100""","""False""","""""","""ClickFix","Mac"""
"2026-10-09 21:02:49","""1959375""","""roundcube-panel.com""","""domain""","""payload_delivery""","""js.iclickfix""","""None""","""IClickFix""","""2026-10-09 23:53:42""","""100""","""False""","""""","""ClickFix","Mac"""
"2026-10-09 21:02:49","""1959376""","""royalxcasino.zone""","""domain""","""payload_delivery""","""js.iclickfix""","""None""","""IClickFix""","""2026-10-09 23:53:58""","""100""","""False""","""""","""ClickFix","Mac"""
"2026-10-09 21:02:49","""1959377""","""roze.click""","""domain""","""payload_delivery""","""js.iclickfix""","""None""","""IClickFix""","""2026-10-09 23:54:13""","""100""","""False""","""""","""ClickFix","Mac"""
"2026-10-09 21:02:49","""1959378""","""rtm7tech.net""","""domain""","""payload_delivery""","""js.iclickfix""","""None""","""IClickFix""","""""","""100""","""False""","""""","""ClickFix","Mac"""
"2026-10-09 21:02:49","""1959379""","""ruchameditech.com""","""domain""","""payload_delivery""","""js.iclickfix""","""None""","""IClickFix""","""2026-10-10 00:14:33""","""100""","""False""","""""","""ClickFix","Mac"""
"2026-10-09 21:02:49","""1959380""","""rumsontrading.co.zw""","""domain""","""payload_delivery""","""js.iclickfix""","""None""","""IClickFix""","""2026-10-10 00:21:24""","""100""","""False""","""""","""ClickFix","Mac"""
"2026-10-09 21:02:49","""1959381""","""rupiah155slot.space""","""domain""","""payload_delivery""","""js.iclickfix""","""None""","""IClickFix""","""""","""100""","""False""","""""","""ClickFix","Mac"""
"2026-10-09 21:02:49","""1959382""","""rupiahmahjong2.space""","""domain""","""payload_delivery""","""js.iclickfix""","""None""","""IClickFix""","""""","""100""","""False""","""""","""ClickFix","Mac"""
"2026-10-09 21:02:49","""1959383""","""rupiahtogel77.space""","""domain""","""payload_delivery""","""js.iclickfix""","""None""","""IClickFix""","""""","""100""","""False""","""""","""ClickFix","Mac"""
"2026-10-09 21:02:49","""1959384""","""rupiahtops1stwin.world""","""domain""","""payload_delivery""","""js.iclickfix""","""None""","""IClickFix""","""""","""100""","""False""","""""","""ClickFix","Mac"""
"2026-10-09 21:02:49","""1959385""","""rupiahtotal10k.online""","""domain""","""payload_delivery""","""js.iclickfix""","""None""","""IClickFix""","""""","""100""","""False""","""""","""ClickFix","Mac"""
"2026-10-09 21:02:49","""1959386""","""sa1-sharepoint.com""","""domain""","""payload_delivery""","""js.iclickfix""","""None""","""IClickFix""","""""","""100""","""False""","""""","""ClickFix","Mac"""
"2026-10-09 21:02:49","""1959387""","""saascription.app""","""domain""","""payload_delivery""","""js.iclickfix""","""None""","""IClickFix""","""2026-10-09 23:54:13""","""100""","""False""","""""","""ClickFix","Mac"""
"2026-10-09 21:02:49","""1959388""","""saferyalla.com""","""domain""","""payload_delivery""","""js.iclickfix""","""None""","""IClickFix""","""2026-10-09 23:54:13""","""100""","""False""","""""","""ClickFix","Mac"""
"2026-10-09 21:02:49","""1959389""","""saimonabdullah.com""","""domain""","""payload_delivery""","""js.iclickfix""","""None""","""IClickFix""","""2026-10-10 00:04:31""","""100""","""False""","""""","""ClickFix","Mac"""
"2026-10-09 21:02:49","""1959390""","""saltrans.ro""","""domain""","""payload_delivery""","""js.iclickfix""","""None""","""IClickFix""","""2026-10-09 23:53:57""","""100""","""False""","""""","""ClickFix","Mac"""
"2026-10-09 21:02:49","""1959391""","""sassythesongstress.com""","""domain""","""payload_delivery""","""js.iclickfix""","""None""","""IClickFix""","""2026-10-10 00:04:30""","""100""","""False""","""""","""ClickFix","Mac"""
"2026-10-09 21:02:49","""1959392""","""sayeedafzalkhan.com""","""domain""","""payload_delivery""","""js.iclickfix""","""None""","""IClickFix""","""""","""100""","""False""","""""","""ClickFix","Mac"""
"2026-10-09 21:02:48","""1959337""","""pragmatic222gac0r.space""","""domain""","""payload_delivery""","""js.iclickfix""","""None""","""IClickFix""","""""","""100""","""False""","""""","""ClickFix","Mac"""
"2026-10-09 21:02:48","""1959338""","""pragmatic321.site""","""domain""","""payload_delivery""","""js.iclickfix""","""None""","""IClickFix""","""""","""100""","""False""","""""","""ClickFix","Mac"""
"2026-10-09 21:02:48","""1959339""","""pragmatic500jp.online""","""domain""","""payload_delivery""","""js.iclickfix""","""None""","""IClickFix""","""""","""100""","""False""","""""","""ClickFix","Mac"""
"2026-10-09 21:02:48","""1959340""","""pragmaticgacor01.world""","""domain""","""payload_delivery""","""js.iclickfix""","""None""","""IClickFix""","""""","""100""","""False""","""""","""ClickFix","Mac"""
"2026-10-09 21:02:48","""1959341""","""pragmaticgacor1.world""","""domain""","""payload_delivery""","""js.iclickfix""","""None""","""IClickFix""","""""","""100""","""False""","""""","""ClickFix","Mac"""
"2026-10-09 21:02:48","""1959342""","""pragmaticme1k.cyou""","""domain""","""payload_delivery""","""js.iclickfix""","""None""","""IClickFix""","""""","""100""","""False""","""""","""ClickFix","Mac"""
"2026-10-09 21:02:48","""1959343""","""pragmaticws1.world""","""domain""","""payload_delivery""","""js.iclickfix""","""None""","""IClickFix""","""""","""100""","""False""","""""","""ClickFix","Mac"""
"2026-10-09 21:02:48","""1959344""","""pragmaticwsg1st.world""","""domain""","""payload_delivery""","""js.iclickfix""","""None""","""IClickFix""","""""","""100""","""False""","""""","""ClickFix","Mac"""
"2026-10-09 21:02:48","""1959345""","""prediksi666slot.space""","""domain""","""payload_delivery""","""js.iclickfix""","""None""","""IClickFix""","""""","""100""","""False""","""""","""ClickFix","Mac"""
"2026-10-09 21:02:48","""1959346""","""primemobilelv.com""","""domain""","""payload_delivery""","""js.iclickfix""","""None""","""IClickFix""","""""","""100""","""False""","""""","""ClickFix","Mac"""
"2026-10-09 21:02:48","""1959347""","""primescaffolding.com""","""domain""","""payload_delivery""","""js.iclickfix""","""None""","""IClickFix""","""""","""100""","""False""","""""","""ClickFix","Mac"""
"2026-10-09 21:02:48","""1959348""","""prognosisinfo.in""","""domain""","""payload_delivery""","""js.iclickfix""","""None""","""IClickFix""","""""","""100""","""False""","""""","""ClickFix","Mac"""
"2026-10-09 21:02:48","""1959349""","""programakuntansi.id""","""domain""","""payload_delivery""","""js.iclickfix""","""None""","""IClickFix""","""2026-10-10 00:04:31""","""100""","""False""","""""","""ClickFix","Mac"""
"2026-10-09 21:02:48","""1959350""","""project.pm""","""domain""","""payload_delivery""","""js.iclickfix""","""None""","""IClickFix""","""2026-10-10 00:04:30""","""100""","""False""","""""","""ClickFix","Mac"""
"2026-10-09 21:02:48","""1959351""","""pudamponorogo.com""","""domain""","""payload_delivery""","""js.iclickfix""","""None""","""IClickFix""","""2026-10-09 23:24:24""","""100""","""False""","""""","""ClickFix","Mac"""
"2026-10-09 21:02:48","""1959352""","""pythonmania.org""","""domain""","""payload_delivery""","""js.iclickfix""","""None""","""IClickFix""","""2026-10-10 02:27:39""","""100""","""False""","""""","""ClickFix","Mac"""
"2026-10-09 21:02:48","""1959353""","""qris100gacor.space""","""domain""","""payload_delivery""","""js.iclickfix""","""None""","""IClickFix""","""""","""100""","""False""","""""","""ClickFix","Mac"""
"2026-10-09 21:02:48","""1959354""","""radcomm.co.id""","""domain""","""payload_delivery""","""js.iclickfix""","""None""","""IClickFix""","""2026-10-09 23:24:48""","""100""","""False""","""""","""ClickFix","Mac"""
"2026-10-09 21:02:48","""1959355""","""radcomm.net.id""","""domain""","""payload_delivery""","""js.iclickfix""","""None""","""IClickFix""","""2026-10-10 02:27:40""","""100""","""False""","""""","""ClickFix","Mac"""
"2026-10-09 21:02:48","""1959356""","""radianhealthcare.com""","""domain""","""payload_delivery""","""js.iclickfix""","""None""","""IClickFix""","""""","""100""","""False""","""""","""ClickFix","Mac"""
"2026-10-09 21:02:48","""1959357""","""rafacommunications.com""","""domain""","""payload_delivery""","""js.iclickfix""","""None""","""IClickFix""","""2026-10-10 02:07:22""","""100""","""False""","""""","""ClickFix","Mac"""
"2026-10-09 21:02:48","""1959358""","""rajaslot321.site""","""domain""","""payload_delivery""","""js.iclickfix""","""None""","""IClickFix""","""""","""100""","""False""","""""","""ClickFix","Mac"""
"2026-10-09 21:02:48","""1959359""","""rajaslot777.world""","""domain""","""payload_delivery""","""js.iclickfix""","""None""","""IClickFix""","""""","""100""","""False""","""""","""ClickFix","Mac"""
"2026-10-09 21:02:48","""1959360""","""rajaslot777win.world""","""domain""","""payload_delivery""","""js.iclickfix""","""None""","""IClickFix""","""""","""100""","""False""","""""","""ClickFix","Mac"""
"2026-10-09 21:02:48","""1959361""","""raliz.one""","""domain""","""payload_delivery""","""js.iclickfix""","""None""","""IClickFix""","""2026-10-10 02:27:39""","""100""","""False""","""""","""ClickFix","Mac"""
"2026-10-09 21:02:48","""1959362""","""rapideex.com""","""domain""","""payload_delivery""","""js.iclickfix""","""None""","""IClickFix""","""2026-10-10 02:27:39""","""100""","""False""","""""","""ClickFix","Mac"""
"2026-10-09 21:02:48","""1959363""","""raranoodles.com""","""domain""","""payload_delivery""","""js.iclickfix""","""None""","""IClickFix""","""""","""100""","""False""","""""","""ClickFix","Mac"""
"2026-10-09 21:02:48","""1959364""","""rawatcoedcollege.com""","""domain""","""payload_delivery""","""js.iclickfix""","""None""","""IClickFix""","""2026-10-10 02:07:22""","""100""","""False""","""""","""ClickFix","Mac"""
"2026-10-09 21:02:47","""1959307""","""openreader3.online""","""domain""","""payload_delivery""","""js.iclickfix""","""None""","""IClickFix""","""""","""100""","""False""","""""","""ClickFix","Mac"""
"2026-10-09 21:02:47","""1959308""","""operalog.co""","""domain""","""payload_delivery""","""js.iclickfix""","""None""","""IClickFix""","""""","""100""","""False""","""""","""ClickFix","Mac"""
"2026-10-09 21:02:47","""1959309""","""orionstrategyconsulting.org""","""domain""","""payload_delivery""","""js.iclickfix""","""None""","""IClickFix""","""""","""100""","""False""","""""","""ClickFix","Mac"""
"2026-10-09 21:02:47","""1959310""","""ovotops1stwin.world""","""domain""","""payload_delivery""","""js.iclickfix""","""None""","""IClickFix""","""""","""100""","""False""","""""","""ClickFix","Mac"""
"2026-10-09 21:02:47","""1959311""","""paitojitu2025.space""","""domain""","""payload_delivery""","""js.iclickfix""","""None""","""IClickFix""","""""","""100""","""False""","""""","""ClickFix","Mac"""
"2026-10-09 21:02:47","""1959312""","""pak111.app""","""domain""","""payload_delivery""","""js.iclickfix""","""None""","""IClickFix""","""""","""100""","""False""","""""","""ClickFix","Mac"""
"2026-10-09 21:02:47","""1959313""","""pak33.one""","""domain""","""payload_delivery""","""js.iclickfix""","""None""","""IClickFix""","""""","""100""","""False""","""""","""ClickFix","Mac"""
"2026-10-09 21:02:47","""1959314""","""palmettoshopper.com""","""domain""","""payload_delivery""","""js.iclickfix""","""None""","""IClickFix""","""""","""100""","""False""","""""","""ClickFix","Mac"""
"2026-10-09 21:02:47","""1959315""","""parlouredshop.com""","""domain""","""payload_delivery""","""js.iclickfix""","""None""","""IClickFix""","""""","""100""","""False""","""""","""ClickFix","Mac"""
"2026-10-09 21:02:47","""1959316""","""pecuweb.cz""","""domain""","""payload_delivery""","""js.iclickfix""","""None""","""IClickFix""","""""","""100""","""False""","""""","""ClickFix","Mac"""
"2026-10-09 21:02:47","""1959317""","""pendantpublishing.com.au""","""domain""","""payload_delivery""","""js.iclickfix""","""None""","""IClickFix""","""""","""100""","""False""","""""","""ClickFix","Mac"""
"2026-10-09 21:02:47","""1959318""","""peykanrapkon.com""","""domain""","""payload_delivery""","""js.iclickfix""","""None""","""IClickFix""","""""","""100""","""False""","""""","""ClickFix","Mac"""
"2026-10-09 21:02:47","""1959319""","""pgslotgacor1.space""","""domain""","""payload_delivery""","""js.iclickfix""","""None""","""IClickFix""","""""","""100""","""False""","""""","""ClickFix","Mac"""
"2026-10-09 21:02:47","""1959320""","""pgsoft88gac0r.site""","""domain""","""payload_delivery""","""js.iclickfix""","""None""","""IClickFix""","""""","""100""","""False""","""""","""ClickFix","Mac"""
"2026-10-09 21:02:47","""1959321""","""pgsoftgacor1.space""","""domain""","""payload_delivery""","""js.iclickfix""","""None""","""IClickFix""","""""","""100""","""False""","""""","""ClickFix","Mac"""
"2026-10-09 21:02:47","""1959322""","""phoenixrehabservices.com""","""domain""","""payload_delivery""","""js.iclickfix""","""None""","""IClickFix""","""""","""100""","""False""","""""","""ClickFix","Mac"""
"2026-10-09 21:02:47","""1959323""","""pipparrot.com""","""domain""","""payload_delivery""","""js.iclickfix""","""None""","""IClickFix""","""""","""100""","""False""","""""","""ClickFix","Mac"""
"2026-10-09 21:02:47","""1959324""","""pirihuntingsafari.com""","""domain""","""payload_delivery""","""js.iclickfix""","""None""","""IClickFix""","""""","""100""","""False""","""""","""ClickFix","Mac"""
"2026-10-09 21:02:47","""1959325""","""pk365.ac.pk""","""domain""","""payload_delivery""","""js.iclickfix""","""None""","""IClickFix""","""""","""100""","""False""","""""","""ClickFix","Mac"""
"2026-10-09 21:02:47","""1959326""","""pk88vn.dev""","""domain""","""payload_delivery""","""js.iclickfix""","""None""","""IClickFix""","""""","""100""","""False""","""""","""ClickFix","Mac"""
"2026-10-09 21:02:47","""1959327""","""pkrspin.web.pk""","""domain""","""payload_delivery""","""js.iclickfix""","""None""","""IClickFix""","""""","""100""","""False""","""""","""ClickFix","Mac"""
"2026-10-09 21:02:47","""1959328""","""playgame.pk""","""domain""","""payload_delivery""","""js.iclickfix""","""None""","""IClickFix""","""""","""100""","""False""","""""","""ClickFix","Mac"""
"2026-10-09 21:02:47","""1959329""","""poeirahistoria.com.br""","""domain""","""payload_delivery""","""js.iclickfix""","""None""","""IClickFix""","""""","""100""","""False""","""""","""ClickFix","Mac"""
"2026-10-09 21:02:47","""1959330""","""pojok.biz.id""","""domain""","""payload_delivery""","""js.iclickfix""","""None""","""IClickFix""","""""","""100""","""False""","""""","""ClickFix","Mac"""
"2026-10-09 21:02:47","""1959331""","""popupsure.com""","""domain""","""payload_delivery""","""js.iclickfix""","""None""","""IClickFix""","""""","""100""","""False""","""""","""ClickFix","Mac"""
"2026-10-09 21:02:47","""1959332""","""porticoesquadrias.com.br""","""domain""","""payload_delivery""","""js.iclickfix""","""None""","""IClickFix""","""""","""100""","""False""","""""","""ClickFix","Mac"""
"2026-10-09 21:02:47","""1959333""","""pos47.com""","""domain""","""payload_delivery""","""js.iclickfix""","""None""","""IClickFix""","""""","""100""","""False""","""""","""ClickFix","Mac"""
"2026-10-09 21:02:47","""1959334""","""pragmatic1000win.online""","""domain""","""payload_delivery""","""js.iclickfix""","""None""","""IClickFix""","""""","""100""","""False""","""""","""ClickFix","Mac"""
"2026-10-09 21:02:47","""1959335""","""pragmatic111gac0r.space""","""domain""","""payload_delivery""","""js.iclickfix""","""None""","""IClickFix""","""""","""100""","""False""","""""","""ClickFix","Mac"""
"2026-10-09 21:02:47","""1959336""","""pragmatic1jepe.space""","""domain""","""payload_delivery""","""js.iclickfix""","""None""","""IClickFix""","""""","""100""","""False""","""""","""ClickFix","Mac"""
"2026-10-09 21:02:46","""1959278""","""mmgamingpal.com""","""domain""","""payload_delivery""","""js.iclickfix""","""None""","""IClickFix""","""""","""100""","""False""","""""","""ClickFix","Mac"""
"2026-10-09 21:02:46","""1959279""","""moneysense.cloud""","""domain""","""payload_delivery""","""js.iclickfix""","""None""","""IClickFix""","""""","""100""","""False""","""""","""ClickFix","Mac"""
"2026-10-09 21:02:46","""1959280""","""mortal78.store""","""domain""","""payload_delivery""","""js.iclickfix""","""None""","""IClickFix""","""""","""100""","""False""","""""","""ClickFix","Mac"""
"2026-10-09 21:02:46","""1959281""","""motowin77login.world""","""domain""","""payload_delivery""","""js.iclickfix""","""None""","""IClickFix""","""""","""100""","""False""","""""","""ClickFix","Mac"""
"2026-10-09 21:02:46","""1959282""","""mozafari.site""","""domain""","""payload_delivery""","""js.iclickfix""","""None""","""IClickFix""","""""","""100""","""False""","""""","""ClickFix","Mac"""
"2026-10-09 21:02:46","""1959283""","""mufasatotoya.com""","""domain""","""payload_delivery""","""js.iclickfix""","""None""","""IClickFix""","""""","""100""","""False""","""""","""ClickFix","Mac"""
"2026-10-09 21:02:46","""1959284""","""multigroup.co.id""","""domain""","""payload_delivery""","""js.iclickfix""","""None""","""IClickFix""","""""","""100""","""False""","""""","""ClickFix","Mac"""
"2026-10-09 21:02:46","""1959285""","""murat.ink""","""domain""","""payload_delivery""","""js.iclickfix""","""None""","""IClickFix""","""""","""100""","""False""","""""","""ClickFix","Mac"""
"2026-10-09 21:02:46","""1959286""","""mustleadschools.ac.tz""","""domain""","""payload_delivery""","""js.iclickfix""","""None""","""IClickFix""","""""","""100""","""False""","""""","""ClickFix","Mac"""
"2026-10-09 21:02:46","""1959287""","""my4e.life""","""domain""","""payload_delivery""","""js.iclickfix""","""None""","""IClickFix""","""""","""100""","""False""","""""","""ClickFix","Mac"""
"2026-10-09 21:02:46","""1959288""","""myflowermoon.com""","""domain""","""payload_delivery""","""js.iclickfix""","""None""","""IClickFix""","""""","""100""","""False""","""""","""ClickFix","Mac"""
"2026-10-09 21:02:46","""1959289""","""narailexpress.site""","""domain""","""payload_delivery""","""js.iclickfix""","""None""","""IClickFix""","""""","""100""","""False""","""""","""ClickFix","Mac"""
"2026-10-09 21:02:46","""1959290""","""narativa-x.com""","""domain""","""payload_delivery""","""js.iclickfix""","""None""","""IClickFix""","""""","""100""","""False""","""""","""ClickFix","Mac"""
"2026-10-09 21:02:46","""1959291""","""natsav.com""","""domain""","""payload_delivery""","""js.iclickfix""","""None""","""IClickFix""","""""","""100""","""False""","""""","""ClickFix","Mac"""
"2026-10-09 21:02:46","""1959292""","""nevadamarijuanacard.com""","""domain""","""payload_delivery""","""js.iclickfix""","""None""","""IClickFix""","""""","""100""","""False""","""""","""ClickFix","Mac"""
"2026-10-09 21:02:46","""1959293""","""newsstarlinkhindi.com""","""domain""","""payload_delivery""","""js.iclickfix""","""None""","""IClickFix""","""""","""100""","""False""","""""","""ClickFix","Mac"""
"2026-10-09 21:02:46","""1959294""","""nightbezel-ext.com""","""domain""","""payload_delivery""","""js.iclickfix""","""None""","""IClickFix""","""""","""100""","""False""","""""","""ClickFix","Mac"""
"2026-10-09 21:02:46","""1959295""","""nullro.download""","""domain""","""payload_delivery""","""js.iclickfix""","""None""","""IClickFix""","""""","""100""","""False""","""""","""ClickFix","Mac"""
"2026-10-09 21:02:46","""1959296""","""officialkeren777.hair""","""domain""","""payload_delivery""","""js.iclickfix""","""None""","""IClickFix""","""""","""100""","""False""","""""","""ClickFix","Mac"""
"2026-10-09 21:02:46","""1959297""","""oilpalmconsultant.co.id""","""domain""","""payload_delivery""","""js.iclickfix""","""None""","""IClickFix""","""""","""100""","""False""","""""","""ClickFix","Mac"""
"2026-10-09 21:02:46","""1959298""","""olympus01gacors.site""","""domain""","""payload_delivery""","""js.iclickfix""","""None""","""IClickFix""","""""","""100""","""False""","""""","""ClickFix","Mac"""
"2026-10-09 21:02:46","""1959299""","""olympus1gacors.online""","""domain""","""payload_delivery""","""js.iclickfix""","""None""","""IClickFix""","""""","""100""","""False""","""""","""ClickFix","Mac"""
"2026-10-09 21:02:46","""1959300""","""olympus4asli.space""","""domain""","""payload_delivery""","""js.iclickfix""","""None""","""IClickFix""","""""","""100""","""False""","""""","""ClickFix","Mac"""
"2026-10-09 21:02:46","""1959301""","""olympusgac0rwin.online""","""domain""","""payload_delivery""","""js.iclickfix""","""None""","""IClickFix""","""""","""100""","""False""","""""","""ClickFix","Mac"""
"2026-10-09 21:02:46","""1959302""","""onecollect.id""","""domain""","""payload_delivery""","""js.iclickfix""","""None""","""IClickFix""","""""","""100""","""False""","""""","""ClickFix","Mac"""
"2026-10-09 21:02:46","""1959303""","""onestopanalytical.com""","""domain""","""payload_delivery""","""js.iclickfix""","""None""","""IClickFix""","""""","""100""","""False""","""""","""ClickFix","Mac"""
"2026-10-09 21:02:46","""1959304""","""onestoprealtygy.com""","""domain""","""payload_delivery""","""js.iclickfix""","""None""","""IClickFix""","""""","""100""","""False""","""""","""ClickFix","Mac"""
"2026-10-09 21:02:46","""1959305""","""onlineapps.id""","""domain""","""payload_delivery""","""js.iclickfix""","""None""","""IClickFix""","""""","""100""","""False""","""""","""ClickFix","Mac"""
"2026-10-09 21:02:46","""1959306""","""onlinetops1st.world""","""domain""","""payload_delivery""","""js.iclickfix""","""None""","""IClickFix""","""""","""100""","""False""","""""","""ClickFix","Mac"""
"2026-10-09 21:02:45","""1959263""","""ligaciputra.bio""","""domain""","""payload_delivery""","""js.iclickfix""","""None""","""IClickFix""","""""","""100""","""False""","""""","""ClickFix","Mac"""
"2026-10-09 21:02:45","""1959264""","""livesportsapi.xyz""","""domain""","""payload_delivery""","""js.iclickfix""","""None""","""IClickFix""","""""","""100""","""False""","""""","""ClickFix","Mac"""
"2026-10-09 21:02:45","""1959265""","""llotestudio.com.ar""","""domain""","""payload_delivery""","""js.iclickfix""","""None""","""IClickFix""","""""","""100""","""False""","""""","""ClickFix","Mac"""
"2026-10-09 21:02:45","""1959266""","""lxyapp.top""","""domain""","""payload_delivery""","""js.iclickfix""","""None""","""IClickFix""","""""","""100""","""False""","""""","""ClickFix","Mac"""
"2026-10-09 21:02:45","""1959267""","""medinmoc.top""","""domain""","""payload_delivery""","""js.iclickfix""","""None""","""IClickFix""","""""","""100""","""False""","""""","""ClickFix","Mac"""
"2026-10-09 21:02:45","""1959268""","""medsolutions360.com""","""domain""","""payload_delivery""","""js.iclickfix""","""None""","""IClickFix""","""""","""100""","""False""","""""","""ClickFix","Mac"""
"2026-10-09 21:02:45","""1959269""","""megaslot8gac0r.site""","""domain""","""payload_delivery""","""js.iclickfix""","""None""","""IClickFix""","""""","""100""","""False""","""""","""ClickFix","Mac"""
"2026-10-09 21:02:45","""1959270""","""megaways5000jp.site""","""domain""","""payload_delivery""","""js.iclickfix""","""None""","""IClickFix""","""""","""100""","""False""","""""","""ClickFix","Mac"""
"2026-10-09 21:02:45","""1959271""","""megawin122.space""","""domain""","""payload_delivery""","""js.iclickfix""","""None""","""IClickFix""","""""","""100""","""False""","""""","""ClickFix","Mac"""
"2026-10-09 21:02:45","""1959272""","""megawin888jp.site""","""domain""","""payload_delivery""","""js.iclickfix""","""None""","""IClickFix""","""""","""100""","""False""","""""","""ClickFix","Mac"""
"2026-10-09 21:02:45","""1959273""","""melhores-casinos-pt-2026.com""","""domain""","""payload_delivery""","""js.iclickfix""","""None""","""IClickFix""","""""","""100""","""False""","""""","""ClickFix","Mac"""
"2026-10-09 21:02:45","""1959274""","""menang120.space""","""domain""","""payload_delivery""","""js.iclickfix""","""None""","""IClickFix""","""""","""100""","""False""","""""","""ClickFix","Mac"""
"2026-10-09 21:02:45","""1959275""","""mesin-gacor.com""","""domain""","""payload_delivery""","""js.iclickfix""","""None""","""IClickFix""","""""","""100""","""False""","""""","""ClickFix","Mac"""
"2026-10-09 21:02:45","""1959276""","""midhaterasool.com""","""domain""","""payload_delivery""","""js.iclickfix""","""None""","""IClickFix""","""""","""100""","""False""","""""","""ClickFix","Mac"""
"2026-10-09 21:02:45","""1959277""","""miotogel.space""","""domain""","""payload_delivery""","""js.iclickfix""","""None""","""IClickFix""","""""","""100""","""False""","""""","""ClickFix","Mac"""
"2026-10-09 21:02:44","""1959249""","""freecoupon.net""","""domain""","""payload_delivery""","""js.iclickfix""","""None""","""IClickFix""","""""","""100""","""False""","""""","""ClickFix","Mac"""
"2026-10-09 21:02:44","""1959250""","""gmt-net.com""","""domain""","""payload_delivery""","""js.iclickfix""","""None""","""IClickFix""","""""","""100""","""False""","""""","""ClickFix","Mac"""
"2026-10-09 21:02:44","""1959251""","""greentechs.com.bd""","""domain""","""payload_delivery""","""js.iclickfix""","""None""","""IClickFix""","""""","""100""","""False""","""""","""ClickFix","Mac"""
"2026-10-09 21:02:44","""1959252""","""guia-casinos-portugal.com""","""domain""","""payload_delivery""","""js.iclickfix""","""None""","""IClickFix""","""""","""100""","""False""","""""","""ClickFix","Mac"""
"2026-10-09 21:02:44","""1959253""","""hominisbarbershop.com.br""","""domain""","""payload_delivery""","""js.iclickfix""","""None""","""IClickFix""","""""","""100""","""False""","""""","""ClickFix","Mac"""
"2026-10-09 21:02:44","""1959254""","""iamshahid.pro""","""domain""","""payload_delivery""","""js.iclickfix""","""None""","""IClickFix""","""""","""100""","""False""","""""","""ClickFix","Mac"""
"2026-10-09 21:02:44","""1959255""","""intotain.com""","""domain""","""payload_delivery""","""js.iclickfix""","""None""","""IClickFix""","""""","""100""","""False""","""""","""ClickFix","Mac"""
"2026-10-09 21:02:44","""1959256""","""ioss.si""","""domain""","""payload_delivery""","""js.iclickfix""","""None""","""IClickFix""","""""","""100""","""False""","""""","""ClickFix","Mac"""
"2026-10-09 21:02:44","""1959257""","""j10.com.pk""","""domain""","""payload_delivery""","""js.iclickfix""","""None""","""IClickFix""","""""","""100""","""False""","""""","""ClickFix","Mac"""
"2026-10-09 21:02:44","""1959258""","""jackpot777jepe.space""","""domain""","""payload_delivery""","""js.iclickfix""","""None""","""IClickFix""","""""","""100""","""False""","""""","""ClickFix","Mac"""
"2026-10-09 21:02:44","""1959259""","""jackpotmazze.cyou""","""domain""","""payload_delivery""","""js.iclickfix""","""None""","""IClickFix""","""""","""100""","""False""","""""","""ClickFix","Mac"""
"2026-10-09 21:02:44","""1959260""","""janicevavra.com""","""domain""","""payload_delivery""","""js.iclickfix""","""None""","""IClickFix""","""""","""100""","""False""","""""","""ClickFix","Mac"""
"2026-10-09 21:02:44","""1959261""","""jormed.de""","""domain""","""payload_delivery""","""js.iclickfix""","""None""","""IClickFix""","""""","""100""","""False""","""""","""ClickFix","Mac"""
"2026-10-09 21:02:44","""1959262""","""kndgas.co.za""","""domain""","""payload_delivery""","""js.iclickfix""","""None""","""IClickFix""","""""","""100""","""False""","""""","""ClickFix","Mac"""
"2026-10-09 21:02:43","""1959237""","""danatoto11w.cyou""","""domain""","""payload_delivery""","""js.iclickfix""","""None""","""IClickFix""","""""","""100""","""False""","""""","""ClickFix","Mac"""
"2026-10-09 21:02:43","""1959238""","""danatoto39top.online""","""domain""","""payload_delivery""","""js.iclickfix""","""None""","""IClickFix""","""""","""100""","""False""","""""","""ClickFix","Mac"""
"2026-10-09 21:02:43","""1959239""","""demoslot250jt.site""","""domain""","""payload_delivery""","""js.iclickfix""","""None""","""IClickFix""","""""","""100""","""False""","""""","""ClickFix","Mac"""
"2026-10-09 21:02:43","""1959240""","""ditinus.site""","""domain""","""payload_delivery""","""js.iclickfix""","""None""","""IClickFix""","""""","""100""","""False""","""""","""ClickFix","Mac"""
"2026-10-09 21:02:43","""1959241""","""divara888.com""","""domain""","""payload_delivery""","""js.iclickfix""","""None""","""IClickFix""","""""","""100""","""False""","""""","""ClickFix","Mac"""
"2026-10-09 21:02:43","""1959242""","""divara888.tech""","""domain""","""payload_delivery""","""js.iclickfix""","""None""","""IClickFix""","""""","""100""","""False""","""""","""ClickFix","Mac"""
"2026-10-09 21:02:43","""1959243""","""divyajotifoundation.in""","""domain""","""payload_delivery""","""js.iclickfix""","""None""","""IClickFix""","""""","""100""","""False""","""""","""ClickFix","Mac"""
"2026-10-09 21:02:43","""1959244""","""djeffker.cloud""","""domain""","""payload_delivery""","""js.iclickfix""","""None""","""IClickFix""","""""","""100""","""False""","""""","""ClickFix","Mac"""
"2026-10-09 21:02:43","""1959245""","""dmsecommercepos.xyz""","""domain""","""payload_delivery""","""js.iclickfix""","""None""","""IClickFix""","""""","""100""","""False""","""""","""ClickFix","Mac"""
"2026-10-09 21:02:43","""1959246""","""drdeepti.org""","""domain""","""payload_delivery""","""js.iclickfix""","""None""","""IClickFix""","""""","""100""","""False""","""""","""ClickFix","Mac"""
"2026-10-09 21:02:43","""1959247""","""dytpelinsu.com""","""domain""","""payload_delivery""","""js.iclickfix""","""None""","""IClickFix""","""""","""100""","""False""","""""","""ClickFix","Mac"""
"2026-10-09 21:02:43","""1959248""","""egeelectronic.com""","""domain""","""payload_delivery""","""js.iclickfix""","""None""","""IClickFix""","""""","""100""","""False""","""""","""ClickFix","Mac"""
"2026-10-09 21:02:42","""1959222""","""bharatlivestock.org""","""domain""","""payload_delivery""","""js.iclickfix""","""None""","""IClickFix""","""""","""100""","""False""","""""","""ClickFix","Mac"""
"2026-10-09 21:02:42","""1959223""","""bigbaji.top""","""domain""","""payload_delivery""","""js.iclickfix""","""None""","""IClickFix""","""""","""100""","""False""","""""","""ClickFix","Mac"""
"2026-10-09 21:02:42","""1959224""","""bighoki1000jp.online""","""domain""","""payload_delivery""","""js.iclickfix""","""None""","""IClickFix""","""""","""100""","""False""","""""","""ClickFix","Mac"""
"2026-10-09 21:02:42","""1959225""","""bighoki500jp.site""","""domain""","""payload_delivery""","""js.iclickfix""","""None""","""IClickFix""","""""","""100""","""False""","""""","""ClickFix","Mac"""
"2026-10-09 21:02:42","""1959226""","""bigwin1000jp.online""","""domain""","""payload_delivery""","""js.iclickfix""","""None""","""IClickFix""","""""","""100""","""False""","""""","""ClickFix","Mac"""
"2026-10-09 21:02:42","""1959227""","""blueideas.au""","""domain""","""payload_delivery""","""js.iclickfix""","""None""","""IClickFix""","""""","""100""","""False""","""""","""ClickFix","Mac"""
"2026-10-09 21:02:42","""1959228""","""bluepage.au""","""domain""","""payload_delivery""","""js.iclickfix""","""None""","""IClickFix""","""""","""100""","""False""","""""","""ClickFix","Mac"""
"2026-10-09 21:02:42","""1959229""","""bonanzaj3pe.online""","""domain""","""payload_delivery""","""js.iclickfix""","""None""","""IClickFix""","""""","""100""","""False""","""""","""ClickFix","Mac"""
"2026-10-09 21:02:42","""1959230""","""bonanzajepe100jt.site""","""domain""","""payload_delivery""","""js.iclickfix""","""None""","""IClickFix""","""""","""100""","""False""","""""","""ClickFix","Mac"""
"2026-10-09 21:02:42","""1959231""","""bosvip70wow.cyou""","""domain""","""payload_delivery""","""js.iclickfix""","""None""","""IClickFix""","""""","""100""","""False""","""""","""ClickFix","Mac"""
"2026-10-09 21:02:42","""1959232""","""brightmarkconsultingltd.com""","""domain""","""payload_delivery""","""js.iclickfix""","""None""","""IClickFix""","""""","""100""","""False""","""""","""ClickFix","Mac"""
"2026-10-09 21:02:42","""1959233""","""britflix-uk.com""","""domain""","""payload_delivery""","""js.iclickfix""","""None""","""IClickFix""","""""","""100""","""False""","""""","""ClickFix","Mac"""
"2026-10-09 21:02:42","""1959234""","""cafedebieb.com""","""domain""","""payload_delivery""","""js.iclickfix""","""None""","""IClickFix""","""""","""100""","""False""","""""","""ClickFix","Mac"""
"2026-10-09 21:02:42","""1959235""","""champw.com""","""domain""","""payload_delivery""","""js.iclickfix""","""None""","""IClickFix""","""""","""100""","""False""","""""","""ClickFix","Mac"""
"2026-10-09 21:02:42","""1959236""","""chicheritaradio.com""","""domain""","""payload_delivery""","""js.iclickfix""","""None""","""IClickFix""","""""","""100""","""False""","""""","""ClickFix","Mac"""
"2026-10-09 21:02:41","""1959202""","""aryarom.com""","""domain""","""payload_delivery""","""js.iclickfix""","""None""","""IClickFix""","""""","""100""","""False""","""""","""ClickFix","Mac"""
"2026-10-09 21:02:41","""1959203""","""asm-app.com""","""domain""","""payload_delivery""","""js.iclickfix""","""None""","""IClickFix""","""""","""100""","""False""","""""","""ClickFix","Mac"""
"2026-10-09 21:02:41","""1959204""","""azhentong111.top""","""domain""","""payload_delivery""","""js.iclickfix""","""None""","""IClickFix""","""""","""100""","""False""","""""","""ClickFix","Mac"""
"2026-10-09 21:02:41","""1959205""","""baccarat01.space""","""domain""","""payload_delivery""","""js.iclickfix""","""None""","""IClickFix""","""""","""100""","""False""","""""","""ClickFix","Mac"""
"2026-10-09 21:02:41","""1959206""","""basyoun.com""","""domain""","""payload_delivery""","""js.iclickfix""","""None""","""IClickFix""","""""","""100""","""False""","""""","""ClickFix","Mac"""
"2026-10-09 21:02:41","""1959207""","""beatfocus.au""","""domain""","""payload_delivery""","""js.iclickfix""","""None""","""IClickFix""","""""","""100""","""False""","""""","""ClickFix","Mac"""
"2026-10-09 21:02:41","""1959208""","""beatfocus.store""","""domain""","""payload_delivery""","""js.iclickfix""","""None""","""IClickFix""","""""","""100""","""False""","""""","""ClickFix","Mac"""
"2026-10-09 21:02:41","""1959209""","""beatidea.store""","""domain""","""payload_delivery""","""js.iclickfix""","""None""","""IClickFix""","""""","""100""","""False""","""""","""ClickFix","Mac"""
"2026-10-09 21:02:41","""1959210""","""beatinsights.store""","""domain""","""payload_delivery""","""js.iclickfix""","""None""","""IClickFix""","""""","""100""","""False""","""""","""ClickFix","Mac"""
"2026-10-09 21:02:41","""1959211""","""beatpress.au""","""domain""","""payload_delivery""","""js.iclickfix""","""None""","""IClickFix""","""""","""100""","""False""","""""","""ClickFix","Mac"""
"2026-10-09 21:02:41","""1959212""","""beatreader.store""","""domain""","""payload_delivery""","""js.iclickfix""","""None""","""IClickFix""","""""","""100""","""False""","""""","""ClickFix","Mac"""
"2026-10-09 21:02:41","""1959213""","""beatscope.store""","""domain""","""payload_delivery""","""js.iclickfix""","""None""","""IClickFix""","""""","""100""","""False""","""""","""ClickFix","Mac"""
"2026-10-09 21:02:41","""1959214""","""beatscribes.store""","""domain""","""payload_delivery""","""js.iclickfix""","""None""","""IClickFix""","""""","""100""","""False""","""""","""ClickFix","Mac"""
"2026-10-09 21:02:41","""1959215""","""beatstories.store""","""domain""","""payload_delivery""","""js.iclickfix""","""None""","""IClickFix""","""""","""100""","""False""","""""","""ClickFix","Mac"""
"2026-10-09 21:02:41","""1959216""","""beatwrites.store""","""domain""","""payload_delivery""","""js.iclickfix""","""None""","""IClickFix""","""""","""100""","""False""","""""","""ClickFix","Mac"""
"2026-10-09 21:02:41","""1959217""","""beatwriting.store""","""domain""","""payload_delivery""","""js.iclickfix""","""None""","""IClickFix""","""""","""100""","""False""","""""","""ClickFix","Mac"""
"2026-10-09 21:02:41","""1959218""","""bendingrealityinc.com""","""domain""","""payload_delivery""","""js.iclickfix""","""None""","""IClickFix""","""""","""100""","""False""","""""","""ClickFix","Mac"""
"2026-10-09 21:02:41","""1959219""","""bestsportsgearhub.com""","""domain""","""payload_delivery""","""js.iclickfix""","""None""","""IClickFix""","""""","""100""","""False""","""""","""ClickFix","Mac"""
"2026-10-09 21:02:41","""1959220""","""beypazaribirtat.com""","""domain""","""payload_delivery""","""js.iclickfix""","""None""","""IClickFix""","""""","""100""","""False""","""""","""ClickFix","Mac"""
"2026-10-09 21:02:41","""1959221""","""bharatlivestock.online""","""domain""","""payload_delivery""","""js.iclickfix""","""None""","""IClickFix""","""""","""100""","""False""","""""","""ClickFix","Mac"""
"2026-10-09 21:02:40","""1959190""","""agenpers.quest""","""domain""","""payload_delivery""","""js.iclickfix""","""None""","""IClickFix""","""""","""100""","""False""","""""","""ClickFix","Mac"""
"2026-10-09 21:02:40","""1959191""","""agenpez.quest""","""domain""","""payload_delivery""","""js.iclickfix""","""None""","""IClickFix""","""""","""100""","""False""","""""","""ClickFix","Mac"""
"2026-10-09 21:02:40","""1959192""","""agenqez.quest""","""domain""","""payload_delivery""","""js.iclickfix""","""None""","""IClickFix""","""""","""100""","""False""","""""","""ClickFix","Mac"""
"2026-10-09 21:02:40","""1959193""","""agenxexo.cyou""","""domain""","""payload_delivery""","""js.iclickfix""","""None""","""IClickFix""","""""","""100""","""False""","""""","""ClickFix","Mac"""
"2026-10-09 21:02:40","""1959194""","""agenxox.cyou""","""domain""","""payload_delivery""","""js.iclickfix""","""None""","""IClickFix""","""""","""100""","""False""","""""","""ClickFix","Mac"""
"2026-10-09 21:02:40","""1959195""","""agenxux.cyou""","""domain""","""payload_delivery""","""js.iclickfix""","""None""","""IClickFix""","""""","""100""","""False""","""""","""ClickFix","Mac"""
"2026-10-09 21:02:40","""1959196""","""agenzzt.cyou""","""domain""","""payload_delivery""","""js.iclickfix""","""None""","""IClickFix""","""""","""100""","""False""","""""","""ClickFix","Mac"""
"2026-10-09 21:02:40","""1959197""","""aichs365.site""","""domain""","""payload_delivery""","""js.iclickfix""","""None""","""IClickFix""","""""","""100""","""False""","""""","""ClickFix","Mac"""
"2026-10-09 21:02:40","""1959198""","""aimdss.com""","""domain""","""payload_delivery""","""js.iclickfix""","""None""","""IClickFix""","""""","""100""","""False""","""""","""ClickFix","Mac"""
"2026-10-09 21:02:40","""1959199""","""aisyadnm.sbs""","""domain""","""payload_delivery""","""js.iclickfix""","""None""","""IClickFix""","""""","""100""","""False""","""""","""ClickFix","Mac"""
"2026-10-09 21:02:40","""1959200""","""alexistotojp12jt.cyou""","""domain""","""payload_delivery""","""js.iclickfix""","""None""","""IClickFix""","""""","""100""","""False""","""""","""ClickFix","Mac"""
"2026-10-09 21:02:40","""1959201""","""androidbaz.com""","""domain""","""payload_delivery""","""js.iclickfix""","""None""","""IClickFix""","""""","""100""","""False""","""""","""ClickFix","Mac"""
"2026-10-09 21:02:39","""1959170""","""222.blue""","""domain""","""payload_delivery""","""js.iclickfix""","""None""","""IClickFix""","""""","""100""","""False""","""""","""ClickFix","Mac"""
"2026-10-09 21:02:39","""1959171""","""2in-sharepoint.com""","""domain""","""payload_delivery""","""js.iclickfix""","""None""","""IClickFix""","""""","""100""","""False""","""""","""ClickFix","Mac"""
"2026-10-09 21:02:39","""1959172""","""889992769.xyz""","""domain""","""payload_delivery""","""js.iclickfix""","""None""","""IClickFix""","""""","""100""","""False""","""""","""ClickFix","Mac"""
"2026-10-09 21:02:39","""1959173""","""889992924.xyz""","""domain""","""payload_delivery""","""js.iclickfix""","""None""","""IClickFix""","""""","""100""","""False""","""""","""ClickFix","Mac"""
"2026-10-09 21:02:39","""1959174""","""889993536.xyz""","""domain""","""payload_delivery""","""js.iclickfix""","""None""","""IClickFix""","""""","""100""","""False""","""""","""ClickFix","Mac"""
"2026-10-09 21:02:39","""1959175""","""a2ztraders.in""","""domain""","""payload_delivery""","""js.iclickfix""","""None""","""IClickFix""","""""","""100""","""False""","""""","""ClickFix","Mac"""
"2026-10-09 21:02:39","""1959176""","""aac-news.com""","""domain""","""payload_delivery""","""js.iclickfix""","""None""","""IClickFix""","""""","""100""","""False""","""""","""ClickFix","Mac"""
"2026-10-09 21:02:39","""1959177""","""aastitva.com""","""domain""","""payload_delivery""","""js.iclickfix""","""None""","""IClickFix""","""""","""100""","""False""","""""","""ClickFix","Mac"""
"2026-10-09 21:02:39","""1959178""","""abc-tunnel.com""","""domain""","""payload_delivery""","""js.iclickfix""","""None""","""IClickFix""","""""","""100""","""False""","""""","""ClickFix","Mac"""
"2026-10-09 21:02:39","""1959179""","""abcfoods.mu""","""domain""","""payload_delivery""","""js.iclickfix""","""None""","""IClickFix""","""""","""100""","""False""","""""","""ClickFix","Mac"""
"2026-10-09 21:02:39","""1959180""","""abcplavani.cz""","""domain""","""payload_delivery""","""js.iclickfix""","""None""","""IClickFix""","""""","""100""","""False""","""""","""ClickFix","Mac"""
"2026-10-09 21:02:39","""1959181""","""abinteriors.in""","""domain""","""payload_delivery""","""js.iclickfix""","""None""","""IClickFix""","""""","""100""","""False""","""""","""ClickFix","Mac"""
"2026-10-09 21:02:39","""1959182""","""absurd.africa""","""domain""","""payload_delivery""","""js.iclickfix""","""None""","""IClickFix""","""""","""100""","""False""","""""","""ClickFix","Mac"""
"2026-10-09 21:02:39","""1959183""","""acarmanken.com""","""domain""","""payload_delivery""","""js.iclickfix""","""None""","""IClickFix""","""""","""100""","""False""","""""","""ClickFix","Mac"""
"2026-10-09 21:02:39","""1959184""","""actionawe.org""","""domain""","""payload_delivery""","""js.iclickfix""","""None""","""IClickFix""","""""","""100""","""False""","""""","""ClickFix","Mac"""
"2026-10-09 21:02:39","""1959185""","""adan.uy""","""domain""","""payload_delivery""","""js.iclickfix""","""None""","""IClickFix""","""""","""100""","""False""","""""","""ClickFix","Mac"""
"2026-10-09 21:02:39","""1959186""","""aegp.co.uk""","""domain""","""payload_delivery""","""js.iclickfix""","""None""","""IClickFix""","""""","""100""","""False""","""""","""ClickFix","Mac"""
"2026-10-09 21:02:39","""1959187""","""aerogamingonline.nl""","""domain""","""payload_delivery""","""js.iclickfix""","""None""","""IClickFix""","""""","""100""","""False""","""""","""ClickFix","Mac"""
"2026-10-09 21:02:39","""1959188""","""agendaris.org""","""domain""","""payload_delivery""","""js.iclickfix""","""None""","""IClickFix""","""""","""100""","""False""","""""","""ClickFix","Mac"""
"2026-10-09 21:02:39","""1959189""","""agendazt.quest""","""domain""","""payload_delivery""","""js.iclickfix""","""None""","""IClickFix""","""""","""100""","""False""","""""","""ClickFix","Mac"""
"2026-10-09 21:00:50","""1959166""","""h78yoza9.miraz.store""","""domain""","""payload_delivery""","""js.iclickfix""","""None""","""IClickFix""","""""","""100""","""False""","""""","""ClickFix","Mac"""
"2026-10-09 20:57:27","""1959161""","""woostore.dev""","""domain""","""payload_delivery""","""js.clearfake""","""None""","""ClearFake""","""2026-10-09 21:02:51""","""90""","""True""","""None""","""compromised","EtherHide"""
"2026-10-09 20:57:27","""1959162""","""wibuku.org""","""domain""","""payload_delivery""","""js.clearfake""","""None""","""ClearFake""","""2026-10-09 21:02:51""","""90""","""True""","""None""","""compromised","EtherHide"""
"2026-10-09 20:57:27","""1959163""","""wertog.com""","""domain""","""payload_delivery""","""js.clearfake""","""None""","""ClearFake""","""2026-10-09 21:02:51""","""90""","""True""","""None""","""compromised","EtherHide"""
"2026-10-09 20:57:27","""1959164""","""tubidy.study""","""domain""","""payload_delivery""","""js.clearfake""","""None""","""ClearFake""","""2026-10-09 21:02:50""","""90""","""True""","""None""","""compromised","EtherHide"""
"2026-10-09 20:57:27","""1959165""","""ybpm-kudus.sch.id""","""domain""","""payload_delivery""","""js.clearfake""","""None""","""ClearFake""","""2026-10-09 21:02:52""","""90""","""True""","""None""","""compromised","EtherHide"""
"2026-10-09 20:57:26","""1959157""","""vlessi.net""","""domain""","""payload_delivery""","""js.clearfake""","""None""","""ClearFake""","""2026-10-09 21:02:51""","""90""","""True""","""None""","""compromised","EtherHide"""
"2026-10-09 20:57:26","""1959158""","""vivekchaurasia.com""","""domain""","""payload_delivery""","""js.clearfake""","""None""","""ClearFake""","""2026-10-09 21:02:51""","""90""","""True""","""None""","""compromised","EtherHide"""
"2026-10-09 20:57:26","""1959159""","""tylertysdal.com""","""domain""","""payload_delivery""","""js.clearfake""","""None""","""ClearFake""","""2026-10-09 21:02:51""","""90""","""True""","""None""","""compromised","EtherHide"""
"2026-10-09 20:57:26","""1959160""","""wisebanq.com""","""domain""","""payload_delivery""","""js.clearfake""","""None""","""ClearFake""","""2026-10-09 21:02:51""","""90""","""True""","""None""","""compromised","EtherHide"""
"2026-10-09 20:57:25","""1959156""","""websiteambition.com""","""domain""","""payload_delivery""","""js.clearfake""","""None""","""ClearFake""","""2026-10-09 21:02:51""","""90""","""True""","""None""","""compromised","EtherHide"""
"2026-10-09 20:54:53","""1959155""","""google-proxy-66-249-88-232.google.com""","""domain""","""payload_delivery""","""php.shin_webshell""","""None""","""php.shin_webshell""","""""","""50""","""True""","""None""","""GIF","PHP"
"2026-10-09 20:47:24","""1959153""","""rickowenwear.com""","""domain""","""payload_delivery""","""js.clearfake""","""None""","""ClearFake""","""""","""90""","""True""","""None""","""ClearFake","compromised"""
"2026-10-09 20:37:23","""1959142""","""transfy.cloud""","""domain""","""payload_delivery""","""js.clearfake""","""None""","""ClearFake""","""2026-10-09 21:02:50""","""90""","""True""","""None""","""compromised","EtherHide"""
"2026-10-09 20:37:23","""1959143""","""throttletechnologies.net""","""domain""","""payload_delivery""","""js.clearfake""","""None""","""ClearFake""","""2026-10-09 21:02:50""","""90""","""True""","""None""","""compromised","EtherHide"""
"2026-10-09 20:37:23","""1959144""","""tourdasgalaxias.com.br""","""domain""","""payload_delivery""","""js.clearfake""","""None""","""ClearFake""","""2026-10-09 21:02:50""","""90""","""True""","""None""","""compromised","EtherHide"""
"2026-10-09 20:37:23","""1959145""","""tmd12.top""","""domain""","""payload_delivery""","""js.clearfake""","""None""","""ClearFake""","""""","""90""","""True""","""None""","""compromised","EtherHide"""
"2026-10-09 20:37:22","""1959138""","""topvisionmarketing.com""","""domain""","""payload_delivery""","""js.clearfake""","""None""","""ClearFake""","""2026-10-09 21:02:50""","""90""","""True""","""None""","""compromised","EtherHide"""
"2026-10-09 20:37:22","""1959139""","""tizant.com""","""domain""","""payload_delivery""","""js.clearfake""","""None""","""ClearFake""","""2026-10-09 21:02:50""","""90""","""True""","""None""","""compromised","EtherHide"""
"2026-10-09 20:37:22","""1959140""","""trussi-eg.com""","""domain""","""payload_delivery""","""js.clearfake""","""None""","""ClearFake""","""2026-10-09 21:02:50""","""90""","""True""","""None""","""compromised","EtherHide"""
"2026-10-09 20:37:22","""1959141""","""trustawesome.com""","""domain""","""payload_delivery""","""js.clearfake""","""None""","""ClearFake""","""2026-10-09 21:02:50""","""90""","""True""","""None""","""compromised","EtherHide"""
"2026-10-09 20:37:21","""1959134""","""thankgifts.com""","""domain""","""payload_delivery""","""js.clearfake""","""None""","""ClearFake""","""2026-10-09 21:02:50""","""90""","""True""","""None""","""compromised","EtherHide"""
"2026-10-09 20:37:21","""1959135""","""theglorius.com""","""domain""","""payload_delivery""","""js.clearfake""","""None""","""ClearFake""","""2026-10-09 21:02:50""","""90""","""True""","""None""","""compromised","EtherHide"""
"2026-10-09 20:37:21","""1959136""","""trueloveksa.com""","""domain""","""payload_delivery""","""js.clearfake""","""None""","""ClearFake""","""2026-10-09 21:02:50""","""90""","""True""","""None""","""compromised","EtherHide"""
"2026-10-09 20:37:21","""1959137""","""tcsnt.com.au""","""domain""","""payload_delivery""","""js.clearfake""","""None""","""ClearFake""","""2026-10-09 21:02:50""","""90""","""True""","""None""","""compromised","EtherHide"""
"2026-10-09 20:37:20","""1959131""","""taynguyenzone.com""","""domain""","""payload_delivery""","""js.clearfake""","""None""","""ClearFake""","""2026-10-09 21:02:50""","""90""","""True""","""None""","""compromised","EtherHide"""
"2026-10-09 20:37:20","""1959132""","""toto10000idn.online""","""domain""","""payload_delivery""","""js.clearfake""","""None""","""ClearFake""","""2026-10-09 21:02:50""","""90""","""True""","""None""","""compromised","EtherHide"""
"2026-10-09 20:37:20","""1959133""","""triplescenter.com""","""domain""","""payload_delivery""","""js.clearfake""","""None""","""ClearFake""","""2026-10-09 21:02:50""","""90""","""True""","""None""","""compromised","EtherHide"""
"2026-10-09 20:37:19","""1959127""","""teiktok.com""","""domain""","""payload_delivery""","""js.clearfake""","""None""","""ClearFake""","""2026-10-09 21:02:50""","""90""","""True""","""None""","""compromised","EtherHide"""
"2026-10-09 20:37:19","""1959128""","""toldosvenezuela.com""","""domain""","""payload_delivery""","""js.clearfake""","""None""","""ClearFake""","""2026-10-09 21:02:50""","""90""","""True""","""None""","""compromised","EtherHide"""
"2026-10-09 20:37:19","""1959129""","""tortoisemmy.com""","""domain""","""payload_delivery""","""js.clearfake""","""None""","""ClearFake""","""2026-10-09 21:02:50""","""90""","""True""","""None""","""compromised","EtherHide"""
"2026-10-09 20:37:19","""1959130""","""threedollars.net""","""domain""","""payload_delivery""","""js.clearfake""","""None""","""ClearFake""","""2026-10-09 21:02:50""","""90""","""True""","""None""","""compromised","EtherHide"""
"2026-10-09 20:32:54","""1959126""","""miraz.store""","""domain""","""payload_delivery""","""js.clearfake""","""None""","""ClearFake""","""""","""100""","""False""","""None""","""ClearFake""","""0"""
"2026-10-09 20:22:12","""1959124""","""sriharidasniwas.org""","""domain""","""payload_delivery""","""js.clearfake""","""None""","""ClearFake""","""2026-10-09 21:02:50""","""90""","""True""","""None""","""compromised","EtherHide"""
"2026-10-09 20:22:12","""1959125""","""solutionscc.com.au""","""domain""","""payload_delivery""","""js.clearfake""","""None""","""ClearFake""","""2026-10-09 21:02:50""","""90""","""True""","""None""","""compromised","EtherHide"""
"2026-10-09 20:22:11","""1959120""","""srthoster.org""","""domain""","""payload_delivery""","""js.clearfake""","""None""","""ClearFake""","""2026-10-09 21:02:50""","""90""","""True""","""None""","""compromised","EtherHide"""
"2026-10-09 20:22:11","""1959121""","""solarandsafety.com""","""domain""","""payload_delivery""","""js.clearfake""","""None""","""ClearFake""","""2026-10-09 21:02:50""","""90""","""True""","""None""","""compromised","EtherHide"""
"2026-10-09 20:22:11","""1959122""","""schwabfinancialcare.com""","""domain""","""payload_delivery""","""js.clearfake""","""None""","""ClearFake""","""2026-10-09 21:02:49""","""90""","""True""","""None""","""compromised","EtherHide"""
"2026-10-09 20:22:11","""1959123""","""supermagnet.xyz""","""domain""","""payload_delivery""","""js.clearfake""","""None""","""ClearFake""","""2026-10-09 21:02:50""","""90""","""True""","""None""","""compromised","EtherHide"""
"2026-10-09 20:22:10","""1959116""","""sitecctv.com.au""","""domain""","""payload_delivery""","""js.clearfake""","""None""","""ClearFake""","""2026-10-09 21:02:50""","""90""","""True""","""None""","""compromised","EtherHide"""
"2026-10-09 20:22:10","""1959117""","""seven.com.pk""","""domain""","""payload_delivery""","""js.clearfake""","""None""","""ClearFake""","""2026-10-09 21:02:49""","""90""","""True""","""None""","""compromised","EtherHide"""
"2026-10-09 20:22:10","""1959118""","""www.synnersys.com""","""domain""","""payload_delivery""","""js.clearfake""","""None""","""ClearFake""","""""","""90""","""True""","""None""","""compromised","EtherHide"""
"2026-10-09 20:22:10","""1959119""","""sileysewingmachines.com""","""domain""","""payload_delivery""","""js.clearfake""","""None""","""ClearFake""","""2026-10-09 21:02:50""","""90""","""True""","""None""","""compromised","EtherHide"""
"2026-10-09 20:22:09","""1959112""","""tubidy.my""","""domain""","""payload_delivery""","""js.clearfake""","""None""","""ClearFake""","""2026-10-09 21:02:50""","""90""","""True""","""None""","""compromised","EtherHide"""
"2026-10-09 20:22:09","""1959113""","""tr.xelorkesselhaus.de""","""domain""","""payload_delivery""","""js.clearfake""","""None""","""ClearFake""","""2026-10-09 21:02:50""","""90""","""True""","""None""","""compromised","EtherHide"""
"2026-10-09 20:22:09","""1959114""","""tradeverge.live""","""domain""","""payload_delivery""","""js.clearfake""","""None""","""ClearFake""","""2026-10-09 21:02:50""","""90""","""True""","""None""","""compromised","EtherHide"""
"2026-10-09 20:22:09","""1959115""","""stackdeans.com""","""domain""","""payload_delivery""","""js.clearfake""","""None""","""ClearFake""","""2026-10-09 21:02:50""","""90""","""True""","""None""","""compromised","EtherHide"""
"2026-10-09 20:22:08","""1959109""","""trenz.biz.id""","""domain""","""payload_delivery""","""js.clearfake""","""None""","""ClearFake""","""2026-10-09 21:02:50""","""90""","""True""","""None""","""compromised","EtherHide"""
"2026-10-09 20:22:08","""1959110""","""tradecom24.com""","""domain""","""payload_delivery""","""js.clearfake""","""None""","""ClearFake""","""2026-10-09 21:02:50""","""90""","""True""","""None""","""compromised","EtherHide"""
"2026-10-09 20:22:08","""1959111""","""tcisbd.com""","""domain""","""payload_delivery""","""js.clearfake""","""None""","""ClearFake""","""2026-10-09 21:02:50""","""90""","""True""","""None""","""compromised","EtherHide"""
"2026-10-09 20:22:07","""1959108""","""trendupdate.biz.id""","""domain""","""payload_delivery""","""js.clearfake""","""None""","""ClearFake""","""2026-10-09 21:02:50""","""90""","""True""","""None""","""compromised","EtherHide"""
"2026-10-09 20:12:04","""1959106""","""soirise.com""","""domain""","""payload_delivery""","""js.clearfake""","""None""","""ClearFake""","""2026-10-09 21:02:50""","""90""","""True""","""None""","""compromised","EtherHide"""
"2026-10-09 20:12:04","""1959107""","""silklubricant.com""","""domain""","""payload_delivery""","""js.clearfake""","""None""","""ClearFake""","""2026-10-09 21:02:50""","""90""","""True""","""None""","""compromised","EtherHide"""
"2026-10-09 20:12:03","""1959103""","""slotteds.org""","""domain""","""payload_delivery""","""js.clearfake""","""None""","""ClearFake""","""2026-10-09 21:02:50""","""90""","""True""","""None""","""compromised","EtherHide"""
"2026-10-09 20:12:03","""1959104""","""slotpk.org""","""domain""","""payload_delivery""","""js.clearfake""","""None""","""ClearFake""","""2026-10-09 21:02:50""","""90""","""True""","""None""","""compromised","EtherHide"""
"2026-10-09 20:12:03","""1959105""","""spaceman333asli.space""","""domain""","""payload_delivery""","""js.clearfake""","""None""","""ClearFake""","""2026-10-09 21:02:50""","""90""","""True""","""None""","""compromised","EtherHide"""
"2026-10-09 20:12:02","""1959101""","""shangrilavillageresort.com""","""domain""","""payload_delivery""","""js.clearfake""","""None""","""ClearFake""","""2026-10-09 21:02:49""","""90""","""True""","""None""","""compromised","EtherHide"""
"2026-10-09 20:12:02","""1959102""","""slot888asligac0r.space""","""domain""","""payload_delivery""","""js.clearfake""","""None""","""ClearFake""","""2026-10-09 21:02:50""","""90""","""True""","""None""","""compromised","EtherHide"""
"2026-10-09 20:12:01","""1959097""","""slot888gac0rvip.online""","""domain""","""payload_delivery""","""js.clearfake""","""None""","""ClearFake""","""2026-10-09 21:02:50""","""90""","""True""","""None""","""compromised","EtherHide"""
"2026-10-09 20:12:01","""1959098""","""surkhabfabric.com""","""domain""","""payload_delivery""","""js.clearfake""","""None""","""ClearFake""","""2026-10-09 21:02:50""","""90""","""True""","""None""","""compromised","EtherHide"""
"2026-10-09 20:12:01","""1959099""","""slot888pastijpe.space""","""domain""","""payload_delivery""","""js.clearfake""","""None""","""ClearFake""","""2026-10-09 21:02:50""","""90""","""True""","""None""","""compromised","EtherHide"""
"2026-10-09 20:12:01","""1959100""","""spaceman01gacors.online""","""domain""","""payload_delivery""","""js.clearfake""","""None""","""ClearFake""","""2026-10-09 21:02:50""","""90""","""True""","""None""","""compromised","EtherHide"""
"2026-10-09 20:12:00","""1959093""","""situstoto1.online""","""domain""","""payload_delivery""","""js.clearfake""","""None""","""ClearFake""","""2026-10-09 21:02:50""","""90""","""True""","""None""","""compromised","EtherHide"""
"2026-10-09 20:12:00","""1959094""","""spaceman4asli.space""","""domain""","""payload_delivery""","""js.clearfake""","""None""","""ClearFake""","""2026-10-09 21:02:50""","""90""","""True""","""None""","""compromised","EtherHide"""
"2026-10-09 20:12:00","""1959095""","""slot888pastigac0r.space""","""domain""","""payload_delivery""","""js.clearfake""","""None""","""ClearFake""","""2026-10-09 21:02:50""","""90""","""True""","""None""","""compromised","EtherHide"""
"2026-10-09 20:12:00","""1959096""","""slot777gacors.online""","""domain""","""payload_delivery""","""js.clearfake""","""None""","""ClearFake""","""2026-10-09 21:02:50""","""90""","""True""","""None""","""compromised","EtherHide"""
"2026-10-09 20:11:59","""1959089""","""slot777gac0rvip.online""","""domain""","""payload_delivery""","""js.clearfake""","""None""","""ClearFake""","""2026-10-09 21:02:50""","""90""","""True""","""None""","""compromised","EtherHide"""
"2026-10-09 20:11:59","""1959090""","""slotprokamboja.com""","""domain""","""payload_delivery""","""js.clearfake""","""None""","""ClearFake""","""2026-10-09 21:02:50""","""90""","""True""","""None""","""compromised","EtherHide"""
"2026-10-09 20:11:59","""1959091""","""spaceman1win.space""","""domain""","""payload_delivery""","""js.clearfake""","""None""","""ClearFake""","""2026-10-09 21:02:50""","""90""","""True""","""None""","""compromised","EtherHide"""
"2026-10-09 20:11:59","""1959092""","""tangoeventlive.com""","""domain""","""payload_delivery""","""js.clearfake""","""None""","""ClearFake""","""2026-10-09 21:02:50""","""90""","""True""","""None""","""compromised","EtherHide"""
"2026-10-09 20:11:58","""1959085""","""soholat.sa""","""domain""","""payload_delivery""","""js.clearfake""","""None""","""ClearFake""","""2026-10-09 21:02:50""","""90""","""True""","""None""","""compromised","EtherHide"""
"2026-10-09 20:11:58","""1959086""","""sprkljewelrystore.com""","""domain""","""payload_delivery""","""js.clearfake""","""None""","""ClearFake""","""2026-10-09 21:02:50""","""90""","""True""","""None""","""compromised","EtherHide"""
"2026-10-09 20:11:58","""1959087""","""slickassist.com""","""domain""","""payload_delivery""","""js.clearfake""","""None""","""ClearFake""","""2026-10-09 21:02:50""","""90""","""True""","""None""","""compromised","EtherHide"""
"2026-10-09 20:11:58","""1959088""","""spaceman1vip.online""","""domain""","""payload_delivery""","""js.clearfake""","""None""","""ClearFake""","""2026-10-09 21:02:50""","""90""","""True""","""None""","""compromised","EtherHide"""
"2026-10-09 20:11:57","""1959084""","""secretcrush.fun""","""domain""","""payload_delivery""","""js.clearfake""","""None""","""ClearFake""","""2026-10-09 21:02:49""","""90""","""True""","""None""","""compromised","EtherHide"""
"2026-10-09 20:01:56","""1959032""","""supersoniczpay.com""","""domain""","""payload_delivery""","""js.clearfake""","""None""","""ClearFake""","""2026-10-09 21:02:50""","""90""","""True""","""None""","""compromised","EtherHide"""
"2026-10-09 20:01:56","""1959033""","""spine-core.com""","""domain""","""payload_delivery""","""js.clearfake""","""None""","""ClearFake""","""2026-10-09 21:02:50""","""90""","""True""","""None""","""compromised","EtherHide"""
"2026-10-09 20:01:56","""1959034""","""starvibecentral.com""","""domain""","""payload_delivery""","""js.clearfake""","""None""","""ClearFake""","""2026-10-09 21:02:50""","""90""","""True""","""None""","""compromised","EtherHide"""
"2026-10-09 20:01:56","""1959035""","""softsalehub.com""","""domain""","""payload_delivery""","""js.clearfake""","""None""","""ClearFake""","""2026-10-09 21:02:50""","""90""","""True""","""None""","""compromised","EtherHide"""
"2026-10-09 20:01:56","""1959036""","""simpsid.org""","""domain""","""payload_delivery""","""js.clearfake""","""None""","""ClearFake""","""2026-10-09 21:02:50""","""90""","""True""","""None""","""compromised","EtherHide"""
"2026-10-09 20:01:55","""1959028""","""servalspeedandpower.com""","""domain""","""payload_delivery""","""js.clearfake""","""None""","""ClearFake""","""2026-10-09 21:02:49""","""90""","""True""","""None""","""compromised","EtherHide"""
"2026-10-09 20:01:55","""1959029""","""shreekantdaga.com""","""domain""","""payload_delivery""","""js.clearfake""","""None""","""ClearFake""","""2026-10-09 21:02:50""","""90""","""True""","""None""","""compromised","EtherHide"""
"2026-10-09 20:01:55","""1959030""","""sober.pk""","""domain""","""payload_delivery""","""js.clearfake""","""None""","""ClearFake""","""2026-10-09 21:02:50""","""90""","""True""","""None""","""compromised","EtherHide"""
"2026-10-09 20:01:55","""1959031""","""solaristrategy.com""","""domain""","""payload_delivery""","""js.clearfake""","""None""","""ClearFake""","""2026-10-09 21:02:50""","""90""","""True""","""None""","""compromised","EtherHide"""
"2026-10-09 20:01:54","""1959024""","""spacemanwahx5k.top""","""domain""","""payload_delivery""","""js.clearfake""","""None""","""ClearFake""","""2026-10-09 21:02:50""","""90""","""True""","""None""","""compromised","EtherHide"""
"2026-10-09 20:01:54","""1959025""","""taborla.com""","""domain""","""payload_delivery""","""js.clearfake""","""None""","""ClearFake""","""2026-10-09 21:02:50""","""90""","""True""","""None""","""compromised","EtherHide"""
"2026-10-09 20:01:54","""1959026""","""spaceman1jepe.space""","""domain""","""payload_delivery""","""js.clearfake""","""None""","""ClearFake""","""2026-10-09 21:02:50""","""90""","""True""","""None""","""compromised","EtherHide"""
"2026-10-09 20:01:54","""1959027""","""slot777gac0rwin.online""","""domain""","""payload_delivery""","""js.clearfake""","""None""","""ClearFake""","""2026-10-09 21:02:50""","""90""","""True""","""None""","""compromised","EtherHide"""
"2026-10-09 19:55:59","""1959020""","""pinkkate.workers.dev""","""domain""","""payload_delivery""","""php.shin_webshell""","""None""","""php.shin_webshell""","""""","""50""","""True""","""None""","""Cloudflare","GIF"
"2026-10-09 19:54:20","""1959019""","""qopamyfi.workers.dev""","""domain""","""payload_delivery""","""php.shin_webshell""","""None""","""php.shin_webshell""","""""","""50""","""True""","""None""","""Cloudflare","GIF"
"2026-10-09 19:44:37","""1958996""","""xobyqo.workers.dev""","""domain""","""payload_delivery""","""php.shin_webshell""","""None""","""php.shin_webshell""","""""","""50""","""True""","""None""","""Cloudflare","GIF"
"2026-10-09 19:34:20","""1958970""","""google-proxy-66-249-88-231.google.com""","""domain""","""payload_delivery""","""php.shin_webshell""","""None""","""php.shin_webshell""","""""","""50""","""True""","""None""","""GIF","PHP"
"2026-10-09 19:32:45","""1958966""","""professorpaulomoraes.com""","""domain""","""payload_delivery""","""unknown""","""None""","""Unknown malware""","""""","""75""","""True""","""https://www.clickfixed.uk/intel/19378""","""ClickFix""","""0"""
"2026-10-09 19:12:06","""1958951""","""56.242.95.34.bc.googleusercontent.com""","""domain""","""payload_delivery""","""php.shin_webshell""","""None""","""php.shin_webshell""","""""","""50""","""True""","""None""","""GIF","PHP"
"2026-10-09 18:59:02","""1958934""","""vofaca.workers.dev""","""domain""","""payload_delivery""","""php.shin_webshell""","""None""","""php.shin_webshell""","""""","""50""","""True""","""None""","""Cloudflare","GIF"
"2026-10-09 18:46:46","""1958930""","""www.testmipagina.com""","""domain""","""payload_delivery""","""js.clearfake""","""None""","""ClearFake""","""""","""90""","""True""","""None""","""compromised","EtherHide"""
"2026-10-09 18:46:46","""1958931""","""mavisuru.lk""","""domain""","""payload_delivery""","""js.clearfake""","""None""","""ClearFake""","""2026-10-09 21:02:45""","""90""","""True""","""None""","""compromised","EtherHide"""
"2026-10-09 18:46:45","""1958929""","""www.yomepreparo.com""","""domain""","""payload_delivery""","""js.clearfake""","""None""","""ClearFake""","""""","""90""","""True""","""None""","""compromised","EtherHide"""
"2026-10-09 18:46:44","""1958926""","""maxwin888jp.site""","""domain""","""payload_delivery""","""js.clearfake""","""None""","""ClearFake""","""2026-10-09 21:02:45""","""90""","""True""","""None""","""compromised","EtherHide"""
"2026-10-09 18:46:44","""1958927""","""maldivescasinoguides.com""","""domain""","""payload_delivery""","""js.clearfake""","""None""","""ClearFake""","""2026-10-09 21:02:45""","""90""","""True""","""None""","""compromised","EtherHide"""
"2026-10-09 18:46:44","""1958928""","""www.vansbeauty.de""","""domain""","""payload_delivery""","""js.clearfake""","""None""","""ClearFake""","""""","""90""","""True""","""None""","""compromised","EtherHide"""
"2026-10-09 18:46:43","""1958922""","""mahjongways4.world""","""domain""","""payload_delivery""","""js.clearfake""","""None""","""ClearFake""","""2026-10-09 21:02:45""","""90""","""True""","""None""","""compromised","EtherHide"""
"2026-10-09 18:46:43","""1958923""","""mahjongwin888.world""","""domain""","""payload_delivery""","""js.clearfake""","""None""","""ClearFake""","""2026-10-09 21:02:45""","""90""","""True""","""None""","""compromised","EtherHide"""
"2026-10-09 18:46:43","""1958924""","""mahjong11jepe.space""","""domain""","""payload_delivery""","""js.clearfake""","""None""","""ClearFake""","""2026-10-09 21:02:45""","""90""","""True""","""None""","""compromised","EtherHide"""
"2026-10-09 18:46:43","""1958925""","""max-eon4sl.icu""","""domain""","""payload_delivery""","""js.clearfake""","""None""","""ClearFake""","""2026-10-09 21:02:45""","""90""","""True""","""None""","""compromised","EtherHide"""
"2026-10-09 18:46:42","""1958918""","""maxwinquez.top""","""domain""","""payload_delivery""","""js.clearfake""","""None""","""ClearFake""","""2026-10-09 21:02:45""","""90""","""True""","""None""","""compromised","EtherHide"""
"2026-10-09 18:46:42","""1958919""","""manuscriptrevision.com""","""domain""","""payload_delivery""","""js.clearfake""","""None""","""ClearFake""","""2026-10-09 21:02:45""","""90""","""True""","""None""","""compromised","EtherHide"""
"2026-10-09 18:46:42","""1958920""","""mahjongwin777.world""","""domain""","""payload_delivery""","""js.clearfake""","""None""","""ClearFake""","""2026-10-09 21:02:45""","""90""","""True""","""None""","""compromised","EtherHide"""
"2026-10-09 18:46:42","""1958921""","""mahkota218win.world""","""domain""","""payload_delivery""","""js.clearfake""","""None""","""ClearFake""","""2026-10-09 21:02:45""","""90""","""True""","""None""","""compromised","EtherHide"""
"2026-10-09 18:46:41","""1958917""","""www.medinmoc.top""","""domain""","""payload_delivery""","""js.clearfake""","""None""","""ClearFake""","""""","""90""","""True""","""None""","""compromised","EtherHide"""
"2026-10-09 18:36:36","""1958914""","""lilyknowsdecor.com""","""domain""","""payload_delivery""","""js.clearfake""","""None""","""ClearFake""","""2026-10-09 21:02:45""","""90""","""True""","""None""","""compromised","EtherHide"""
"2026-10-09 18:36:36","""1958915""","""jeh.org.in""","""domain""","""payload_delivery""","""js.clearfake""","""None""","""ClearFake""","""2026-10-09 21:02:44""","""90""","""True""","""None""","""compromised","EtherHide"""
"2026-10-09 18:36:35","""1958910""","""machinelearninggeek.com""","""domain""","""payload_delivery""","""js.clearfake""","""None""","""ClearFake""","""2026-10-09 21:02:45""","""90""","""True""","""None""","""compromised","EtherHide"""
"2026-10-09 18:36:35","""1958911""","""lifenote.com.ng""","""domain""","""payload_delivery""","""js.clearfake""","""None""","""ClearFake""","""2026-10-09 21:02:45""","""90""","""True""","""None""","""compromised","EtherHide"""
"2026-10-09 18:36:35","""1958912""","""labpbn.com""","""domain""","""payload_delivery""","""js.clearfake""","""None""","""ClearFake""","""2026-10-09 21:02:45""","""90""","""True""","""None""","""compromised","EtherHide"""
"2026-10-09 18:36:35","""1958913""","""laksanaberita.com""","""domain""","""payload_delivery""","""js.clearfake""","""None""","""ClearFake""","""2026-10-09 21:02:45""","""90""","""True""","""None""","""compromised","EtherHide"""
"2026-10-09 18:36:34","""1958907""","""langdalemanornainital.com""","""domain""","""payload_delivery""","""js.clearfake""","""None""","""ClearFake""","""2026-10-09 21:02:45""","""90""","""True""","""None""","""compromised","EtherHide"""
"2026-10-09 18:36:34","""1958908""","""kaidocafe.com""","""domain""","""payload_delivery""","""js.clearfake""","""None""","""ClearFake""","""2026-10-09 21:02:44""","""90""","""True""","""None""","""compromised","EtherHide"""
"2026-10-09 18:36:34","""1958909""","""lamsanaqaa.com""","""domain""","""payload_delivery""","""js.clearfake""","""None""","""ClearFake""","""2026-10-09 21:02:45""","""90""","""True""","""None""","""compromised","EtherHide"""
"2026-10-09 18:36:33","""1958903""","""ketanhitam.my.id""","""domain""","""payload_delivery""","""js.clearfake""","""None""","""ClearFake""","""2026-10-09 21:02:44""","""90""","""True""","""None""","""compromised","EtherHide"""
"2026-10-09 18:36:33","""1958904""","""ligamajestic.shop""","""domain""","""payload_delivery""","""js.clearfake""","""None""","""ClearFake""","""2026-10-09 21:02:45""","""90""","""True""","""None""","""compromised","EtherHide"""
"2026-10-09 18:36:33","""1958905""","""ladieluminous.com""","""domain""","""payload_delivery""","""js.clearfake""","""None""","""ClearFake""","""2026-10-09 21:02:45""","""90""","""True""","""None""","""compromised","EtherHide"""
"2026-10-09 18:36:33","""1958906""","""leesalives.com""","""domain""","""payload_delivery""","""js.clearfake""","""None""","""ClearFake""","""2026-10-09 21:02:45""","""90""","""True""","""None""","""compromised","EtherHide"""
"2026-10-09 18:36:32","""1958900""","""kochherzrezepte.com""","""domain""","""payload_delivery""","""js.clearfake""","""None""","""ClearFake""","""2026-10-09 21:02:45""","""90""","""True""","""None""","""compromised","EtherHide"""
"2026-10-09 18:36:32","""1958901""","""medicalschoolcompanion.org""","""domain""","""payload_delivery""","""js.clearfake""","""None""","""ClearFake""","""2026-10-09 21:02:45""","""90""","""True""","""None""","""compromised","EtherHide"""
"2026-10-09 18:36:32","""1958902""","""maslife.com""","""domain""","""payload_delivery""","""js.clearfake""","""None""","""ClearFake""","""2026-10-09 21:02:45""","""90""","""True""","""None""","""compromised","EtherHide"""
"2026-10-09 18:36:31","""1958899""","""letsgetlyrical.com""","""domain""","""payload_delivery""","""js.clearfake""","""None""","""ClearFake""","""2026-10-09 21:02:45""","""90""","""True""","""None""","""compromised","EtherHide"""
"2026-10-09 18:32:33","""1958898""","""mawos.store""","""domain""","""payload_delivery""","""js.clearfake""","""None""","""ClearFake""","""""","""100""","""False""","""None""","""ClearFake""","""0"""
"2026-10-09 18:29:42","""1958626""","""boouwer.lol""","""domain""","""payload_delivery""","""js.kongtuke""","""TAG-124","js.LandUpdate808""","""KongTuke""","""2026-10-10 03:12:12""","""100""","""False""","""None""","""KongTuke"""
"2026-10-09 18:29:42","""1958823""","""veled.com.tr""","""domain""","""botnet_cc""","""jar.supremebot""","""BlazeBot""","""SupremeBot""","""""","""100""","""False""","""""","""noface","Supreme"""
"2026-10-09 18:29:37","""1958870""","""ai.myrtlelexicon.co""","""domain""","""payload_delivery""","""js.smartapesg""","""HANEYMANEY","ZPHP""","""SmartApeSG""","""2026-10-09 18:13:53""","""100""","""False""","""None""","""SmartApeSG"""
"2026-10-09 18:29:35","""1958897""","""bed.camp-cantina.com""","""domain""","""botnet_cc""","""js.clearfake""","""None""","""ClearFake""","""""","""100""","""False""","""None""","""ClearFake","ClickFix"
"2026-10-09 18:28:40","""1958896""","""bed.camp-cantina.com""","""domain""","""payload_delivery""","""js.iclickfix""","""None""","""IClickFix""","""""","""100""","""False""","""None""","""ClickFix""","""0"""
"2026-10-09 18:21:30","""1958891""","""kwggame.download""","""domain""","""payload_delivery""","""js.clearfake""","""None""","""ClearFake""","""2026-10-09 21:02:45""","""90""","""True""","""None""","""compromised","EtherHide"""
"2026-10-09 18:21:30","""1958892""","""laurexis.com""","""domain""","""payload_delivery""","""js.clearfake""","""None""","""ClearFake""","""2026-10-09 21:02:45""","""90""","""True""","""None""","""compromised","EtherHide"""
"2026-10-09 18:21:30","""1958893""","""magicalminds.net""","""domain""","""payload_delivery""","""js.clearfake""","""None""","""ClearFake""","""2026-10-09 21:02:45""","""90""","""True""","""None""","""compromised","EtherHide"""
"2026-10-09 18:21:30","""1958894""","""janapriya.ventures""","""domain""","""payload_delivery""","""js.clearfake""","""None""","""ClearFake""","""2026-10-09 21:02:44""","""90""","""True""","""None""","""compromised","EtherHide"""
"2026-10-09 18:21:29","""1958888""","""lighthouse.com.tr""","""domain""","""payload_delivery""","""js.clearfake""","""None""","""ClearFake""","""2026-10-09 21:02:45""","""90""","""True""","""None""","""compromised","EtherHide"""
"2026-10-09 18:21:29","""1958889""","""koppelmaxim.de""","""domain""","""payload_delivery""","""js.clearfake""","""None""","""ClearFake""","""2026-10-09 21:02:45""","""90""","""True""","""None""","""compromised","EtherHide"""
"2026-10-09 18:21:29","""1958890""","""jackmccallum.net""","""domain""","""payload_delivery""","""js.clearfake""","""None""","""ClearFake""","""2026-10-09 21:02:44""","""90""","""True""","""None""","""compromised","EtherHide"""
"2026-10-09 18:21:28","""1958884""","""luluni.online""","""domain""","""payload_delivery""","""js.clearfake""","""None""","""ClearFake""","""2026-10-09 21:02:45""","""90""","""True""","""None""","""compromised","EtherHide"""
"2026-10-09 18:21:28","""1958885""","""magnariseai.com""","""domain""","""payload_delivery""","""js.clearfake""","""None""","""ClearFake""","""2026-10-09 21:02:45""","""90""","""True""","""None""","""compromised","EtherHide"""
"2026-10-09 18:21:28","""1958886""","""layanan.link""","""domain""","""payload_delivery""","""js.clearfake""","""None""","""ClearFake""","""2026-10-09 21:02:45""","""90""","""True""","""None""","""compromised","EtherHide"""
"2026-10-09 18:21:28","""1958887""","""kcaraipur.com""","""domain""","""payload_delivery""","""js.clearfake""","""None""","""ClearFake""","""2026-10-09 21:02:44""","""90""","""True""","""None""","""compromised","EtherHide"""
"2026-10-09 18:21:27","""1958880""","""joker123dragon.space""","""domain""","""payload_delivery""","""js.clearfake""","""None""","""ClearFake""","""2026-10-09 21:02:44""","""90""","""True""","""None""","""compromised","EtherHide"""
"2026-10-09 18:21:27","""1958881""","""lapantaleteria.com""","""domain""","""payload_delivery""","""js.clearfake""","""None""","""ClearFake""","""2026-10-09 21:02:45""","""90""","""True""","""None""","""compromised","EtherHide"""
"2026-10-09 18:21:27","""1958882""","""komaniboattour.com""","""domain""","""payload_delivery""","""js.clearfake""","""None""","""ClearFake""","""2026-10-09 21:02:45""","""90""","""True""","""None""","""compromised","EtherHide"""
"2026-10-09 18:21:27","""1958883""","""kkeagle.food""","""domain""","""payload_delivery""","""js.clearfake""","""None""","""ClearFake""","""2026-10-09 21:02:44""","""90""","""True""","""None""","""compromised","EtherHide"""
"2026-10-09 18:21:26","""1958876""","""jakartaequestrian.com""","""domain""","""payload_delivery""","""js.clearfake""","""None""","""ClearFake""","""2026-10-09 21:02:44""","""90""","""True""","""None""","""compromised","EtherHide"""
"2026-10-09 18:21:26","""1958877""","""luckyspin-gozo78.com""","""domain""","""payload_delivery""","""js.clearfake""","""None""","""ClearFake""","""2026-10-09 21:02:45""","""90""","""True""","""None""","""compromised","EtherHide"""
"2026-10-09 18:21:26","""1958878""","""jpslot100.space""","""domain""","""payload_delivery""","""js.clearfake""","""None""","""ClearFake""","""2026-10-09 21:02:44""","""90""","""True""","""None""","""compromised","EtherHide"""
"2026-10-09 18:21:26","""1958879""","""kingresproperties.com""","""domain""","""payload_delivery""","""js.clearfake""","""None""","""ClearFake""","""2026-10-09 21:02:44""","""90""","""True""","""None""","""compromised","EtherHide"""
"2026-10-09 18:21:25","""1958875""","""lensaberita.biz.id""","""domain""","""payload_delivery""","""js.clearfake""","""None""","""ClearFake""","""2026-10-09 21:02:45""","""90""","""True""","""None""","""compromised","EtherHide"""
"2026-10-09 18:11:24","""1958868""","""inlife.icu""","""domain""","""payload_delivery""","""js.clearfake""","""None""","""ClearFake""","""2026-10-09 21:02:44""","""90""","""True""","""None""","""compromised","EtherHide"""
"2026-10-09 18:11:23","""1958867""","""lumenshiftapp.com""","""domain""","""payload_delivery""","""js.clearfake""","""None""","""ClearFake""","""2026-10-09 21:02:45""","""90""","""True""","""None""","""compromised","EtherHide"""
"2026-10-09 18:01:23","""1958866""","""hramsvetogapostolapavla.com""","""domain""","""payload_delivery""","""js.clearfake""","""None""","""ClearFake""","""""","""90""","""True""","""None""","""compromised","EtherHide"""
"2026-10-09 18:01:22","""1958864""","""www.inkanuna.com""","""domain""","""payload_delivery""","""js.clearfake""","""None""","""ClearFake""","""""","""90""","""True""","""None""","""compromised","EtherHide"""
"2026-10-09 18:01:22","""1958865""","""www.pennmedicaltrans.com""","""domain""","""payload_delivery""","""js.clearfake""","""None""","""ClearFake""","""""","""90""","""True""","""None""","""compromised","EtherHide"""
"2026-10-09 18:01:21","""1958863""","""houzzim.com""","""domain""","""payload_delivery""","""js.clearfake""","""None""","""ClearFake""","""2026-10-09 21:02:44""","""90""","""True""","""None""","""compromised","EtherHide"""
"2026-10-09 18:01:20","""1958862""","""www.minervatics.com""","""domain""","""payload_delivery""","""js.clearfake""","""None""","""ClearFake""","""""","""90""","""True""","""None""","""compromised","EtherHide"""
"2026-10-09 18:01:19","""1958858""","""innovanceorbit.com""","""domain""","""payload_delivery""","""js.clearfake""","""None""","""ClearFake""","""2026-10-09 21:02:44""","""90""","""True""","""None""","""compromised","EtherHide"""
"2026-10-09 18:01:19","""1958859""","""icte-dubai.com""","""domain""","""payload_delivery""","""js.clearfake""","""None""","""ClearFake""","""2026-10-09 21:02:44""","""90""","""True""","""None""","""compromised","EtherHide"""
"2026-10-09 18:01:19","""1958860""","""www.ioss.si""","""domain""","""payload_delivery""","""js.clearfake""","""None""","""ClearFake""","""""","""90""","""True""","""None""","""compromised","EtherHide"""
"2026-10-09 18:01:19","""1958861""","""hotela.store""","""domain""","""payload_delivery""","""js.clearfake""","""None""","""ClearFake""","""2026-10-09 21:02:44""","""90""","""True""","""None""","""compromised","EtherHide"""
"2026-10-09 17:57:25","""1958853""","""2a02-1811-a407-5e00-8864-e91f-e22d-840c.ip6.access.telenet.be""","""domain""","""payload_delivery""","""php.shin_webshell""","""None""","""php.shin_webshell""","""""","""50""","""True""","""None""","""GIF","PHP"
"2026-10-09 17:51:16","""1958852""","""huffington-post.online""","""domain""","""payload_delivery""","""js.clearfake""","""None""","""ClearFake""","""2026-10-09 21:02:44""","""90""","""True""","""None""","""compromised","EtherHide"""
"2026-10-09 17:51:15","""1958849""","""ithracars.com""","""domain""","""payload_delivery""","""js.clearfake""","""None""","""ClearFake""","""2026-10-09 21:02:44""","""90""","""True""","""None""","""compromised","EtherHide"""
"2026-10-09 17:51:15","""1958850""","""honeytech.net""","""domain""","""payload_delivery""","""js.clearfake""","""None""","""ClearFake""","""2026-10-09 21:02:44""","""90""","""True""","""None""","""compromised","EtherHide"""
"2026-10-09 17:51:15","""1958851""","""inkfold-ext.com""","""domain""","""payload_delivery""","""js.clearfake""","""None""","""ClearFake""","""2026-10-09 21:02:44""","""90""","""True""","""None""","""compromised","EtherHide"""
"2026-10-09 17:51:14","""1958845""","""inventixdigital.com""","""domain""","""payload_delivery""","""js.clearfake""","""None""","""ClearFake""","""2026-10-09 21:02:44""","""90""","""True""","""None""","""compromised","EtherHide"""
"2026-10-09 17:51:14","""1958846""","""idnslot777.space""","""domain""","""payload_delivery""","""js.clearfake""","""None""","""ClearFake""","""2026-10-09 21:02:44""","""90""","""True""","""None""","""compromised","EtherHide"""
"2026-10-09 17:51:14","""1958847""","""iids.org""","""domain""","""payload_delivery""","""js.clearfake""","""None""","""ClearFake""","""2026-10-09 21:02:44""","""90""","""True""","""None""","""compromised","EtherHide"""
"2026-10-09 17:51:14","""1958848""","""ingpras.one""","""domain""","""payload_delivery""","""js.clearfake""","""None""","""ClearFake""","""2026-10-09 21:02:44""","""90""","""True""","""None""","""compromised","EtherHide"""
"2026-10-09 17:51:13","""1958844""","""huynhieu.top""","""domain""","""payload_delivery""","""js.clearfake""","""None""","""ClearFake""","""2026-10-09 21:02:44""","""90""","""True""","""None""","""compromised","EtherHide"""
"2026-10-09 17:48:59","""1958843""","""213.218.95.34.bc.googleusercontent.com""","""domain""","""payload_delivery""","""php.shin_webshell""","""None""","""php.shin_webshell""","""""","""50""","""True""","""None""","""GIF","PHP"
"2026-10-09 17:46:23","""1958842""","""143.21.187.35.bc.googleusercontent.com""","""domain""","""payload_delivery""","""php.shin_webshell""","""None""","""php.shin_webshell""","""""","""50""","""True""","""None""","""GIF","PHP"
"2026-10-09 17:44:20","""1958841""","""4bgr76dk.morib.store""","""domain""","""payload_delivery""","""js.clearfake""","""None""","""ClearFake""","""""","""100""","""False""","""None""","""ClearFake","mac-0x0f14"
"2026-10-09 17:41:12","""1958840""","""eikonsolucoes.com.br""","""domain""","""payload_delivery""","""js.clearfake""","""None""","""ClearFake""","""2026-10-09 21:02:43""","""90""","""True""","""None""","""compromised","EtherHide"""
"2026-10-09 17:41:11","""1958836""","""gmtn.net.id""","""domain""","""payload_delivery""","""js.clearfake""","""None""","""ClearFake""","""2026-10-09 21:02:44""","""90""","""True""","""None""","""compromised","EtherHide"""
"2026-10-09 17:41:11","""1958837""","""gypsysouldreaming.com""","""domain""","""payload_delivery""","""js.clearfake""","""None""","""ClearFake""","""2026-10-09 21:02:44""","""90""","""True""","""None""","""compromised","EtherHide"""
"2026-10-09 17:41:11","""1958838""","""esaenergy.com.pk""","""domain""","""payload_delivery""","""js.clearfake""","""None""","""ClearFake""","""2026-10-09 21:02:43""","""90""","""True""","""None""","""compromised","EtherHide"""
"2026-10-09 17:41:11","""1958839""","""hmsbd.top""","""domain""","""payload_delivery""","""js.clearfake""","""None""","""ClearFake""","""2026-10-09 21:02:44""","""90""","""True""","""None""","""compromised","EtherHide"""
"2026-10-09 17:41:10","""1958832""","""email938.com""","""domain""","""payload_delivery""","""js.clearfake""","""None""","""ClearFake""","""2026-10-09 21:02:43""","""90""","""True""","""None""","""compromised","EtherHide"""
"2026-10-09 17:41:10","""1958833""","""ganpatimovers.in""","""domain""","""payload_delivery""","""js.clearfake""","""None""","""ClearFake""","""2026-10-09 21:02:44""","""90""","""True""","""None""","""compromised","EtherHide"""
"2026-10-09 17:41:10","""1958834""","""ezlyfebd.com""","""domain""","""payload_delivery""","""js.clearfake""","""None""","""ClearFake""","""2026-10-09 21:02:43""","""90""","""True""","""None""","""compromised","EtherHide"""
"2026-10-09 17:41:10","""1958835""","""fixteethtmj.com""","""domain""","""payload_delivery""","""js.clearfake""","""None""","""ClearFake""","""2026-10-09 21:02:44""","""90""","""True""","""None""","""compromised","EtherHide"""
"2026-10-09 17:41:09","""1958830""","""esdev.my.id""","""domain""","""payload_delivery""","""js.clearfake""","""None""","""ClearFake""","""2026-10-09 21:02:43""","""90""","""True""","""None""","""compromised","EtherHide"""
"2026-10-09 17:41:09","""1958831""","""healthyyou.world""","""domain""","""payload_delivery""","""js.clearfake""","""None""","""ClearFake""","""2026-10-09 21:02:44""","""90""","""True""","""None""","""compromised","EtherHide"""
"2026-10-09 17:41:08","""1958827""","""explainedendings.com""","""domain""","""payload_delivery""","""js.clearfake""","""None""","""ClearFake""","""2026-10-09 21:02:43""","""90""","""True""","""None""","""compromised","EtherHide"""
"2026-10-09 17:41:08","""1958828""","""garrikwolfe.com""","""domain""","""payload_delivery""","""js.clearfake""","""None""","""ClearFake""","""2026-10-09 21:02:44""","""90""","""True""","""None""","""compromised","EtherHide"""
"2026-10-09 17:41:08","""1958829""","""fitwin.co""","""domain""","""payload_delivery""","""js.clearfake""","""None""","""ClearFake""","""2026-10-09 21:02:43""","""90""","""True""","""None""","""compromised","EtherHide"""
"2026-10-09 17:38:25","""1958826""","""26.146.187.35.bc.googleusercontent.com""","""domain""","""payload_delivery""","""php.shin_webshell""","""None""","""php.shin_webshell""","""""","""50""","""True""","""None""","""GIF","PHP"
"2026-10-09 17:30:54","""1958822""","""fire-iptv.uk""","""domain""","""payload_delivery""","""js.clearfake""","""None""","""ClearFake""","""2026-10-09 21:02:43""","""90""","""True""","""None""","""compromised","EtherHide"""
"2026-10-09 17:30:53","""1958817""","""esseguro.net.co""","""domain""","""payload_delivery""","""js.clearfake""","""None""","""ClearFake""","""2026-10-09 21:02:43""","""90""","""True""","""None""","""compromised","EtherHide"""
"2026-10-09 17:30:53","""1958818""","""eombridge.com""","""domain""","""payload_delivery""","""js.clearfake""","""None""","""ClearFake""","""2026-10-09 21:02:43""","""90""","""True""","""None""","""compromised","EtherHide"""
"2026-10-09 17:30:53","""1958819""","""guleryuzmucevherat.com""","""domain""","""payload_delivery""","""js.clearfake""","""None""","""ClearFake""","""2026-10-09 21:02:44""","""90""","""True""","""None""","""compromised","EtherHide"""
"2026-10-09 17:30:53","""1958820""","""gjhome.ovh""","""domain""","""payload_delivery""","""js.clearfake""","""None""","""ClearFake""","""2026-10-09 21:02:44""","""90""","""True""","""None""","""compromised","EtherHide"""
"2026-10-09 17:30:53","""1958821""","""glitsychic.com""","""domain""","""payload_delivery""","""js.clearfake""","""None""","""ClearFake""","""2026-10-09 21:02:44""","""90""","""True""","""None""","""compromised","EtherHide"""
"2026-10-09 17:30:52","""1958813""","""elbaaz.com""","""domain""","""payload_delivery""","""js.clearfake""","""None""","""ClearFake""","""2026-10-09 21:02:43""","""90""","""True""","""None""","""compromised","EtherHide"""
"2026-10-09 17:30:52","""1958814""","""escapejourney.net""","""domain""","""payload_delivery""","""js.clearfake""","""None""","""ClearFake""","""2026-10-09 21:02:43""","""90""","""True""","""None""","""compromised","EtherHide"""
"2026-10-09 17:30:52","""1958815""","""emplopedia.com""","""domain""","""payload_delivery""","""js.clearfake""","""None""","""ClearFake""","""2026-10-09 21:02:43""","""90""","""True""","""None""","""compromised","EtherHide"""
"2026-10-09 17:30:52","""1958816""","""harvestingcontemplations.com""","""domain""","""payload_delivery""","""js.clearfake""","""None""","""ClearFake""","""2026-10-09 21:02:44""","""90""","""True""","""None""","""compromised","EtherHide"""
"2026-10-09 17:30:51","""1958809""","""eurototop1win.space""","""domain""","""payload_delivery""","""js.clearfake""","""None""","""ClearFake""","""2026-10-09 21:02:43""","""90""","""True""","""None""","""compromised","EtherHide"""
"2026-10-09 17:30:51","""1958810""","""footbulz.com""","""domain""","""payload_delivery""","""js.clearfake""","""None""","""ClearFake""","""2026-10-09 21:02:44""","""90""","""True""","""None""","""compromised","EtherHide"""
"2026-10-09 17:30:51","""1958811""","""ethicaltone.com""","""domain""","""payload_delivery""","""js.clearfake""","""None""","""ClearFake""","""""","""90""","""True""","""None""","""compromised","EtherHide"""
"2026-10-09 17:30:51","""1958812""","""emass.com.br""","""domain""","""payload_delivery""","""js.clearfake""","""None""","""ClearFake""","""2026-10-09 21:02:43""","""90""","""True""","""None""","""compromised","EtherHide"""
"2026-10-09 17:30:50","""1958805""","""gacor2025.space""","""domain""","""payload_delivery""","""js.clearfake""","""None""","""ClearFake""","""2026-10-09 21:02:44""","""90""","""True""","""None""","""compromised","EtherHide"""
"2026-10-09 17:30:50","""1958806""","""ekayzone.co.za""","""domain""","""payload_delivery""","""js.clearfake""","""None""","""ClearFake""","""2026-10-09 21:02:43""","""90""","""True""","""None""","""compromised","EtherHide"""
"2026-10-09 17:30:50","""1958807""","""econuco.com""","""domain""","""payload_delivery""","""js.clearfake""","""None""","""ClearFake""","""2026-10-09 21:02:43""","""90""","""True""","""None""","""compromised","EtherHide"""
"2026-10-09 17:30:50","""1958808""","""ernest.my.id""","""domain""","""payload_delivery""","""js.clearfake""","""None""","""ClearFake""","""2026-10-09 21:02:43""","""90""","""True""","""None""","""compromised","EtherHide"""
"2026-10-09 17:30:49","""1958802""","""highesthzmonitor.com""","""domain""","""payload_delivery""","""js.clearfake""","""None""","""ClearFake""","""2026-10-09 21:02:44""","""90""","""True""","""None""","""compromised","EtherHide"""
"2026-10-09 17:30:49","""1958803""","""gacor2025win.site""","""domain""","""payload_delivery""","""js.clearfake""","""None""","""ClearFake""","""2026-10-09 21:02:44""","""90""","""True""","""None""","""compromised","EtherHide"""
"2026-10-09 17:30:49","""1958804""","""elitepool.lk""","""domain""","""payload_delivery""","""js.clearfake""","""None""","""ClearFake""","""2026-10-09 21:02:43""","""90""","""True""","""None""","""compromised","EtherHide"""
"2026-10-09 17:30:48","""1958800""","""emss.co.th""","""domain""","""payload_delivery""","""js.clearfake""","""None""","""ClearFake""","""2026-10-09 21:02:43""","""90""","""True""","""None""","""compromised","EtherHide"""
"2026-10-09 17:30:48","""1958801""","""fifaworldcup-2026.top""","""domain""","""payload_delivery""","""js.clearfake""","""None""","""ClearFake""","""2026-10-09 21:02:43""","""90""","""True""","""None""","""compromised","EtherHide"""
"2026-10-09 17:24:58","""1958797""","""uptight5912.workers.dev""","""domain""","""payload_delivery""","""php.shin_webshell""","""None""","""php.shin_webshell""","""""","""50""","""True""","""None""","""Cloudflare","GIF"
"2026-10-09 17:21:54","""1958796""","""1lpwxzik.lunza.store""","""domain""","""payload_delivery""","""js.iclickfix""","""None""","""IClickFix""","""""","""100""","""False""","""""","""ClickFix""","""0"""
"2026-10-09 17:20:47","""1958793""","""www.construccionescrisvi.es""","""domain""","""payload_delivery""","""js.clearfake""","""None""","""ClearFake""","""""","""90""","""True""","""None""","""compromised","EtherHide"""
"2026-10-09 17:20:47","""1958794""","""desalagilisejahtera.id""","""domain""","""payload_delivery""","""js.clearfake""","""None""","""ClearFake""","""2026-10-09 21:02:43""","""90""","""True""","""None""","""compromised","EtherHide"""
"2026-10-09 17:20:47","""1958795""","""cartec.in""","""domain""","""payload_delivery""","""js.clearfake""","""None""","""ClearFake""","""2026-10-09 21:02:42""","""90""","""True""","""None""","""compromised","EtherHide"""
"2026-10-09 17:20:46","""1958791""","""contenidoneto.click""","""domain""","""payload_delivery""","""js.clearfake""","""None""","""ClearFake""","""2026-10-09 21:02:43""","""90""","""True""","""None""","""compromised","EtherHide"""
"2026-10-09 17:20:46","""1958792""","""www.brightmarkconsultingltd.com""","""domain""","""payload_delivery""","""js.clearfake""","""None""","""ClearFake""","""""","""90""","""True""","""None""","""compromised","EtherHide"""
"2026-10-09 17:20:45","""1958790""","""d-oneelectrical.com.my""","""domain""","""payload_delivery""","""js.clearfake""","""None""","""ClearFake""","""2026-10-09 21:02:43""","""90""","""True""","""None""","""compromised","EtherHide"""
"2026-10-09 17:19:48","""1958789""","""lalaxafe.workers.dev""","""domain""","""payload_delivery""","""php.shin_webshell""","""None""","""php.shin_webshell""","""""","""50""","""True""","""None""","""Cloudflare","GIF"
"2026-10-09 17:15:43","""1958788""","""tka9o28q.renad.store""","""domain""","""payload_delivery""","""js.clearfake""","""None""","""ClearFake""","""""","""100""","""False""","""None""","""ClearFake","mac-0x76c7"
"2026-10-09 17:11:45","""1958784""","""whisperingheavens.co.uk""","""domain""","""payload_delivery""","""unknown_loader""","""None""","""Unknown Loader""","""2026-10-09 18:46:46""","""75""","""True""","""""","""etherhiding","Polygon"""
"2026-10-09 17:11:45","""1958785""","""xn--42cga1id4d9c7co1e.com""","""domain""","""payload_delivery""","""unknown_loader""","""None""","""Unknown Loader""","""2026-10-09 18:46:46""","""75""","""True""","""""","""etherhiding","Polygon"""
"2026-10-09 17:11:45","""1958786""","""xn--rotulosydiseo-tkb.es""","""domain""","""payload_delivery""","""unknown_loader""","""None""","""Unknown Loader""","""""","""75""","""True""","""""","""etherhiding","Polygon"""
"2026-10-09 17:11:45","""1958787""","""zainyapparels.com""","""domain""","""payload_delivery""","""unknown_loader""","""None""","""Unknown Loader""","""2026-10-09 18:46:45""","""75""","""True""","""""","""etherhiding","Polygon"""
"2026-10-09 17:11:44","""1958774""","""szklarka.com""","""domain""","""payload_delivery""","""unknown_loader""","""None""","""Unknown Loader""","""2026-10-09 18:56:48""","""75""","""True""","""""","""etherhiding","Polygon"""
"2026-10-09 17:11:44","""1958775""","""tattonhallhomes.co.uk""","""domain""","""payload_delivery""","""unknown_loader""","""None""","""Unknown Loader""","""2026-10-09 18:36:35""","""75""","""True""","""""","""etherhiding","Polygon"""
"2026-10-09 17:11:44","""1958776""","""techcom.cz""","""domain""","""payload_delivery""","""unknown_loader""","""None""","""Unknown Loader""","""""","""75""","""True""","""""","""etherhiding","Polygon"""
"2026-10-09 17:11:44","""1958777""","""testmipagina.com""","""domain""","""payload_delivery""","""unknown_loader""","""None""","""Unknown Loader""","""""","""75""","""True""","""""","""etherhiding","Polygon"""
"2026-10-09 17:11:44","""1958778""","""tezanholidays.com""","""domain""","""payload_delivery""","""unknown_loader""","""None""","""Unknown Loader""","""2026-10-09 19:16:50""","""75""","""True""","""""","""etherhiding","Polygon"""
"2026-10-09 17:11:44","""1958779""","""tothgeorgina.hu""","""domain""","""payload_delivery""","""unknown_loader""","""None""","""Unknown Loader""","""2026-10-09 18:46:45""","""75""","""True""","""""","""etherhiding","Polygon"""
"2026-10-09 17:11:44","""1958780""","""ultrasound-probe-repair.com""","""domain""","""payload_delivery""","""unknown_loader""","""None""","""Unknown Loader""","""2026-10-09 18:46:45""","""75""","""True""","""""","""etherhiding","Polygon"""
"2026-10-09 17:11:44","""1958781""","""unodeagosto.com""","""domain""","""payload_delivery""","""unknown_loader""","""None""","""Unknown Loader""","""""","""75""","""True""","""""","""etherhiding","Polygon"""
"2026-10-09 17:11:44","""1958782""","""valdai-1.ru""","""domain""","""payload_delivery""","""unknown_loader""","""None""","""Unknown Loader""","""2026-10-09 18:46:45""","""75""","""True""","""""","""etherhiding","Polygon"""
"2026-10-09 17:11:44","""1958783""","""vansbeauty.de""","""domain""","""payload_delivery""","""unknown_loader""","""None""","""Unknown Loader""","""""","""75""","""True""","""""","""etherhiding","Polygon"""
"2026-10-09 17:11:43","""1958765""","""riderbagsbd.com""","""domain""","""payload_delivery""","""unknown_loader""","""None""","""Unknown Loader""","""2026-10-09 17:51:16""","""75""","""True""","""""","""etherhiding","Polygon"""
"2026-10-09 17:11:43","""1958766""","""rinogropuzzo.hr""","""domain""","""payload_delivery""","""unknown_loader""","""None""","""Unknown Loader""","""2026-10-09 17:51:17""","""75""","""True""","""""","""etherhiding","Polygon"""
"2026-10-09 17:11:43","""1958767""","""royalpacificbodegabay.com""","""domain""","""payload_delivery""","""unknown_loader""","""None""","""Unknown Loader""","""2026-10-09 17:51:16""","""75""","""True""","""""","""etherhiding","Polygon"""
"2026-10-09 17:11:43","""1958768""","""ruaytep168a.com""","""domain""","""payload_delivery""","""unknown_loader""","""None""","""Unknown Loader""","""2026-10-09 18:11:24""","""75""","""True""","""""","""etherhiding","Polygon"""
"2026-10-09 17:11:43","""1958769""","""schmutzbarth.de""","""domain""","""payload_delivery""","""unknown_loader""","""None""","""Unknown Loader""","""""","""75""","""True""","""""","""etherhiding","Polygon"""
"2026-10-09 17:11:43","""1958770""","""sinux.com.ar""","""domain""","""payload_delivery""","""unknown_loader""","""None""","""Unknown Loader""","""2026-10-09 18:01:21""","""75""","""True""","""""","""etherhiding","Polygon"""
"2026-10-09 17:11:43","""1958771""","""startne.works""","""domain""","""payload_delivery""","""unknown_loader""","""None""","""Unknown Loader""","""2026-10-09 17:51:15""","""75""","""True""","""""","""etherhiding","Polygon"""
"2026-10-09 17:11:43","""1958772""","""stayshortlets.com""","""domain""","""payload_delivery""","""unknown_loader""","""None""","""Unknown Loader""","""2026-10-09 19:16:50""","""75""","""True""","""""","""etherhiding","Polygon"""
"2026-10-09 17:11:43","""1958773""","""stonewellar.com""","""domain""","""payload_delivery""","""unknown_loader""","""None""","""Unknown Loader""","""2026-10-09 18:11:24""","""75""","""True""","""""","""etherhiding","Polygon"""
"2026-10-09 17:11:42","""1958756""","""mdfs.co.in""","""domain""","""payload_delivery""","""unknown_loader""","""None""","""Unknown Loader""","""2026-10-09 18:01:21""","""75""","""True""","""""","""etherhiding","Polygon"""
"2026-10-09 17:11:42","""1958757""","""minervatics.com""","""domain""","""payload_delivery""","""unknown_loader""","""None""","""Unknown Loader""","""""","""75""","""True""","""""","""etherhiding","Polygon"""
"2026-10-09 17:11:42","""1958758""","""mltecnologia.ar""","""domain""","""payload_delivery""","""unknown_loader""","""None""","""Unknown Loader""","""2026-10-09 18:01:20""","""75""","""True""","""""","""etherhiding","Polygon"""
"2026-10-09 17:11:42","""1958759""","""naam.neagest.it""","""domain""","""payload_delivery""","""unknown_loader""","""None""","""Unknown Loader""","""2026-10-09 18:11:24""","""75""","""True""","""""","""etherhiding","Polygon"""
"2026-10-09 17:11:42","""1958760""","""nationwidefleetservices.co.uk""","""domain""","""payload_delivery""","""unknown_loader""","""None""","""Unknown Loader""","""2026-10-09 18:56:48""","""75""","""True""","""""","""etherhiding","Polygon"""
"2026-10-09 17:11:42","""1958761""","""northtexascowboycleaners.com""","""domain""","""payload_delivery""","""unknown_loader""","""None""","""Unknown Loader""","""""","""75""","""True""","""""","""etherhiding","Polygon"""
"2026-10-09 17:11:42","""1958762""","""pantingdeerpublishing.com""","""domain""","""payload_delivery""","""unknown_loader""","""None""","""Unknown Loader""","""2026-10-09 17:51:17""","""75""","""True""","""""","""etherhiding","Polygon"""
"2026-10-09 17:11:42","""1958763""","""pennmedicaltrans.com""","""domain""","""payload_delivery""","""unknown_loader""","""None""","""Unknown Loader""","""""","""75""","""True""","""""","""etherhiding","Polygon"""
"2026-10-09 17:11:42","""1958764""","""product11solutions.com""","""domain""","""payload_delivery""","""unknown_loader""","""None""","""Unknown Loader""","""2026-10-09 17:51:17""","""75""","""True""","""""","""etherhiding","Polygon"""
"2026-10-09 17:11:41","""1958753""","""kyuta.my.id""","""domain""","""payload_delivery""","""unknown_loader""","""None""","""Unknown Loader""","""""","""75""","""True""","""""","""etherhiding","Polygon"""
"2026-10-09 17:11:41","""1958754""","""maithiphuong.com""","""domain""","""payload_delivery""","""unknown_loader""","""None""","""Unknown Loader""","""2026-10-09 18:01:20""","""75""","""True""","""""","""etherhiding","Polygon"""
"2026-10-09 17:11:41","""1958755""","""markamigoni.com""","""domain""","""payload_delivery""","""unknown_loader""","""None""","""Unknown Loader""","""2026-10-09 18:01:21""","""75""","""True""","""""","""etherhiding","Polygon"""
"2026-10-09 17:11:08","""1958750""","""inkanuna.com""","""domain""","""payload_delivery""","""unknown_loader""","""None""","""Unknown Loader""","""""","""75""","""True""","""""","""etherhiding","Polygon"""
"2026-10-09 17:11:08","""1958751""","""jesuseselrey.com""","""domain""","""payload_delivery""","""unknown_loader""","""None""","""Unknown Loader""","""2026-10-09 17:51:17""","""75""","""True""","""""","""etherhiding","Polygon"""
"2026-10-09 17:11:08","""1958752""","""kovidguptafilms.com""","""domain""","""payload_delivery""","""unknown_loader""","""None""","""Unknown Loader""","""2026-10-09 18:01:19""","""75""","""True""","""""","""etherhiding","Polygon"""
"2026-10-09 17:11:07","""1958743""","""farmware.co.ke""","""domain""","""payload_delivery""","""unknown_loader""","""None""","""Unknown Loader""","""2026-10-09 17:41:12""","""75""","""True""","""""","""etherhiding","Polygon"""
"2026-10-09 17:11:07","""1958744""","""finanja.com""","""domain""","""payload_delivery""","""unknown_loader""","""None""","""Unknown Loader""","""2026-10-09 18:56:47""","""75""","""True""","""""","""etherhiding","Polygon"""
"2026-10-09 17:11:07","""1958745""","""first-frankfurt.de""","""domain""","""payload_delivery""","""unknown_loader""","""None""","""Unknown Loader""","""""","""75""","""True""","""""","""etherhiding","Polygon"""
"2026-10-09 17:11:07","""1958746""","""foreignerbazaar.com""","""domain""","""payload_delivery""","""unknown_loader""","""None""","""Unknown Loader""","""2026-10-09 17:41:12""","""75""","""True""","""""","""etherhiding","Polygon"""
"2026-10-09 17:11:07","""1958747""","""gmbhsuppliers.com""","""domain""","""payload_delivery""","""unknown_loader""","""None""","""Unknown Loader""","""2026-10-09 17:41:12""","""75""","""True""","""""","""etherhiding","Polygon"""
"2026-10-09 17:11:07","""1958748""","""housobread.com""","""domain""","""payload_delivery""","""unknown_loader""","""None""","""Unknown Loader""","""2026-10-09 17:51:16""","""75""","""True""","""""","""etherhiding","Polygon"""
"2026-10-09 17:11:07","""1958749""","""hyphagen.com""","""domain""","""payload_delivery""","""unknown_loader""","""None""","""Unknown Loader""","""2026-10-09 18:01:20""","""75""","""True""","""""","""etherhiding","Polygon"""
"2026-10-09 17:11:06","""1958737""","""construccionescrisvi.es""","""domain""","""payload_delivery""","""unknown_loader""","""None""","""Unknown Loader""","""""","""75""","""True""","""""","""etherhiding","Polygon"""
"2026-10-09 17:11:06","""1958738""","""current-installations.com""","""domain""","""payload_delivery""","""unknown_loader""","""None""","""Unknown Loader""","""2026-10-09 17:20:46""","""75""","""True""","""""","""etherhiding","Polygon"""
"2026-10-09 17:11:06","""1958739""","""des-aprendiendodigital.com""","""domain""","""payload_delivery""","""unknown_loader""","""None""","""Unknown Loader""","""2026-10-09 18:46:47""","""75""","""True""","""""","""etherhiding","Polygon"""
"2026-10-09 17:11:06","""1958740""","""digitalshorts.com""","""domain""","""payload_delivery""","""unknown_loader""","""None""","""Unknown Loader""","""2026-10-09 18:56:48""","""75""","""True""","""""","""etherhiding","Polygon"""
"2026-10-09 17:11:06","""1958741""","""dmunc.org""","""domain""","""payload_delivery""","""unknown_loader""","""None""","""Unknown Loader""","""2026-10-09 18:56:48""","""75""","""True""","""""","""etherhiding","Polygon"""
"2026-10-09 17:11:06","""1958742""","""encuentro991.com""","""domain""","""payload_delivery""","""unknown_loader""","""None""","""Unknown Loader""","""2026-10-09 19:06:49""","""75""","""True""","""""","""etherhiding","Polygon"""
"2026-10-09 17:11:05","""1958736""","""adamconsultings.com""","""domain""","""payload_delivery""","""unknown_loader""","""None""","""Unknown Loader""","""2026-10-09 18:46:44""","""75""","""True""","""""","""etherhiding","Polygon"""
"2026-10-09 17:05:47","""1958733""","""hp.3toto.com""","""domain""","""botnet_cc""","""win.vidar""","""None""","""Vidar""","""""","""100""","""True""","""None""","""vidar""","""0"""
"2026-10-09 17:05:30","""1958731""","""circular-st.ru""","""domain""","""payload_delivery""","""js.clearfake""","""None""","""ClearFake""","""2026-10-09 17:11:06""","""90""","""True""","""None""","""compromised","EtherHide"""
"2026-10-09 17:05:30","""1958732""","""cheapproxyservers.com""","""domain""","""payload_delivery""","""js.clearfake""","""None""","""ClearFake""","""2026-10-09 21:02:42""","""90""","""True""","""None""","""compromised","EtherHide"""
"2026-10-09 17:05:29","""1958728""","""concenpc.com""","""domain""","""payload_delivery""","""js.clearfake""","""None""","""ClearFake""","""2026-10-09 21:02:43""","""90""","""True""","""None""","""compromised","EtherHide"""
"2026-10-09 17:05:29","""1958729""","""christmasgiftideasforgirlfriends.com""","""domain""","""payload_delivery""","""js.clearfake""","""None""","""ClearFake""","""2026-10-09 21:02:42""","""90""","""True""","""None""","""compromised","EtherHide"""
"2026-10-09 17:05:29","""1958730""","""conserveint.com""","""domain""","""payload_delivery""","""js.clearfake""","""None""","""ClearFake""","""2026-10-09 21:02:43""","""90""","""True""","""None""","""compromised","EtherHide"""
"2026-10-09 17:05:28","""1958724""","""cvoc.imb.br""","""domain""","""payload_delivery""","""js.clearfake""","""None""","""ClearFake""","""2026-10-09 21:02:43""","""90""","""True""","""None""","""compromised","EtherHide"""
"2026-10-09 17:05:28","""1958725""","""cursosonlinepremium.com.br""","""domain""","""payload_delivery""","""js.clearfake""","""None""","""ClearFake""","""2026-10-09 21:02:43""","""90""","""True""","""None""","""compromised","EtherHide"""
"2026-10-09 17:05:28","""1958726""","""christiancordero.mba""","""domain""","""payload_delivery""","""js.clearfake""","""None""","""ClearFake""","""2026-10-09 21:02:42""","""90""","""True""","""None""","""compromised","EtherHide"""
"2026-10-09 17:05:28","""1958727""","""c4soft.com""","""domain""","""payload_delivery""","""js.clearfake""","""None""","""ClearFake""","""2026-10-09 21:02:42""","""90""","""True""","""None""","""compromised","EtherHide"""
"2026-10-09 17:05:27","""1958720""","""danatotowin888.world""","""domain""","""payload_delivery""","""js.clearfake""","""None""","""ClearFake""","""2026-10-09 21:02:43""","""90""","""True""","""None""","""compromised","EtherHide"""
"2026-10-09 17:05:27","""1958721""","""cliput.com""","""domain""","""payload_delivery""","""js.clearfake""","""None""","""ClearFake""","""2026-10-09 21:02:42""","""90""","""True""","""None""","""compromised","EtherHide"""
"2026-10-09 17:05:27","""1958722""","""deepakmehta.com.np""","""domain""","""payload_delivery""","""js.clearfake""","""None""","""ClearFake""","""2026-10-09 21:02:43""","""90""","""True""","""None""","""compromised","EtherHide"""
"2026-10-09 17:05:27","""1958723""","""danatotalx1000.space""","""domain""","""payload_delivery""","""js.clearfake""","""None""","""ClearFake""","""2026-10-09 21:02:43""","""90""","""True""","""None""","""compromised","EtherHide"""
"2026-10-09 17:05:26","""1958716""","""cybertalentit.com""","""domain""","""payload_delivery""","""js.clearfake""","""None""","""ClearFake""","""2026-10-09 21:02:43""","""90""","""True""","""None""","""compromised","EtherHide"""
"2026-10-09 17:05:26","""1958717""","""csaladiasztrologia.hu""","""domain""","""payload_delivery""","""js.clearfake""","""None""","""ClearFake""","""2026-10-09 21:02:43""","""90""","""True""","""None""","""compromised","EtherHide"""
"2026-10-09 17:05:26","""1958718""","""carolinelunara.com""","""domain""","""payload_delivery""","""js.clearfake""","""None""","""ClearFake""","""2026-10-09 21:02:42""","""90""","""True""","""None""","""compromised","EtherHide"""
"2026-10-09 17:05:26","""1958719""","""demoslotmax1.online""","""domain""","""payload_delivery""","""js.clearfake""","""None""","""ClearFake""","""2026-10-09 21:02:43""","""90""","""True""","""None""","""compromised","EtherHide"""
"2026-10-09 17:05:25","""1958712""","""coms.bd""","""domain""","""payload_delivery""","""js.clearfake""","""None""","""ClearFake""","""2026-10-09 21:02:43""","""90""","""True""","""None""","""compromised","EtherHide"""
"2026-10-09 17:05:25","""1958713""","""concretepumpingauckland.co.nz""","""domain""","""payload_delivery""","""js.clearfake""","""None""","""ClearFake""","""2026-10-09 21:02:43""","""90""","""True""","""None""","""compromised","EtherHide"""
"2026-10-09 17:05:25","""1958714""","""cellexmedia.com""","""domain""","""payload_delivery""","""js.clearfake""","""None""","""ClearFake""","""2026-10-09 21:02:42""","""90""","""True""","""None""","""compromised","EtherHide"""
"2026-10-09 17:05:25","""1958715""","""demavaraes.site""","""domain""","""payload_delivery""","""js.clearfake""","""None""","""ClearFake""","""2026-10-09 21:02:43""","""90""","""True""","""None""","""compromised","EtherHide"""
"2026-10-09 17:05:24","""1958709""","""conservesolution.ae""","""domain""","""payload_delivery""","""js.clearfake""","""None""","""ClearFake""","""2026-10-09 21:02:43""","""90""","""True""","""None""","""compromised","EtherHide"""
"2026-10-09 17:05:24","""1958710""","""charge-point-cp.com""","""domain""","""payload_delivery""","""js.clearfake""","""None""","""ClearFake""","""2026-10-09 21:02:42""","""90""","""True""","""None""","""compromised","EtherHide"""
"2026-10-09 17:05:24","""1958711""","""dataset58.com""","""domain""","""payload_delivery""","""js.clearfake""","""None""","""ClearFake""","""2026-10-09 21:02:43""","""90""","""True""","""None""","""compromised","EtherHide"""
"2026-10-09 17:05:23","""1958708""","""coffeeburnlab.com""","""domain""","""payload_delivery""","""js.clearfake""","""None""","""ClearFake""","""2026-10-09 21:02:43""","""90""","""True""","""None""","""compromised","EtherHide"""
"2026-10-09 17:00:48","""1958699""","""hp.333vip.org""","""domain""","""botnet_cc""","""win.vidar""","""None""","""Vidar""","""""","""100""","""True""","""None""","""vidar""","""0"""
"2026-10-09 16:55:23","""1958698""","""aailc.co""","""domain""","""payload_delivery""","""js.clearfake""","""None""","""ClearFake""","""2026-10-09 21:02:39""","""90""","""True""","""None""","""compromised","EtherHide"""
"2026-10-09 16:55:22","""1958695""","""chipsrealm.fun""","""domain""","""payload_delivery""","""js.clearfake""","""None""","""ClearFake""","""2026-10-09 21:02:42""","""90""","""True""","""None""","""compromised","EtherHide"""
"2026-10-09 16:55:22","""1958696""","""bytekboya.com""","""domain""","""payload_delivery""","""js.clearfake""","""None""","""ClearFake""","""2026-10-09 21:02:42""","""90""","""True""","""None""","""compromised","EtherHide"""
"2026-10-09 16:55:22","""1958697""","""barnyard.pt""","""domain""","""payload_delivery""","""js.clearfake""","""None""","""ClearFake""","""2026-10-09 17:11:05""","""90""","""True""","""None""","""compromised","EtherHide"""
"2026-10-09 16:55:21","""1958691""","""csdcbkp.com""","""domain""","""payload_delivery""","""js.clearfake""","""None""","""ClearFake""","""2026-10-09 21:02:43""","""90""","""True""","""None""","""compromised","EtherHide"""
"2026-10-09 16:55:21","""1958692""","""clip-stack.org""","""domain""","""payload_delivery""","""js.clearfake""","""None""","""ClearFake""","""2026-10-09 21:02:42""","""90""","""True""","""None""","""compromised","EtherHide"""
"2026-10-09 16:55:21","""1958693""","""dampatya.app""","""domain""","""payload_delivery""","""js.clearfake""","""None""","""ClearFake""","""2026-10-09 21:02:43""","""90""","""True""","""None""","""compromised","EtherHide"""
"2026-10-09 16:55:21","""1958694""","""decount.de""","""domain""","""payload_delivery""","""js.clearfake""","""None""","""ClearFake""","""2026-10-09 21:02:43""","""90""","""True""","""None""","""compromised","EtherHide"""
"2026-10-09 16:55:20","""1958686""","""diceybrew.sbs""","""domain""","""payload_delivery""","""js.clearfake""","""None""","""ClearFake""","""2026-10-09 21:02:43""","""90""","""True""","""None""","""compromised","EtherHide"""
"2026-10-09 16:55:20","""1958687""","""depobosku777.world""","""domain""","""payload_delivery""","""js.clearfake""","""None""","""ClearFake""","""2026-10-09 21:02:43""","""90""","""True""","""None""","""compromised","EtherHide"""
"2026-10-09 16:55:20","""1958688""","""demoslotgac0r.space""","""domain""","""payload_delivery""","""js.clearfake""","""None""","""ClearFake""","""2026-10-09 21:02:43""","""90""","""True""","""None""","""compromised","EtherHide"""
"2026-10-09 16:55:20","""1958689""","""demoslotgac1r.space""","""domain""","""payload_delivery""","""js.clearfake""","""None""","""ClearFake""","""2026-10-09 21:02:43""","""90""","""True""","""None""","""compromised","EtherHide"""
"2026-10-09 16:55:20","""1958690""","""depoboslotez1.space""","""domain""","""payload_delivery""","""js.clearfake""","""None""","""ClearFake""","""2026-10-09 21:02:43""","""90""","""True""","""None""","""compromised","EtherHide"""
"2026-10-09 16:55:19","""1958683""","""africanyoutharchitects.org""","""domain""","""payload_delivery""","""js.clearfake""","""None""","""ClearFake""","""2026-10-09 17:11:05""","""90""","""True""","""None""","""compromised","EtherHide"""
"2026-10-09 16:55:19","""1958684""","""defiq.biz""","""domain""","""payload_delivery""","""js.clearfake""","""None""","""ClearFake""","""2026-10-09 21:02:43""","""90""","""True""","""None""","""compromised","EtherHide"""
"2026-10-09 16:55:19","""1958685""","""defiq.live""","""domain""","""payload_delivery""","""js.clearfake""","""None""","""ClearFake""","""2026-10-09 21:02:43""","""90""","""True""","""None""","""compromised","EtherHide"""
"2026-10-09 16:45:18","""1958681""","""biodiagnosticolab.com.br""","""domain""","""payload_delivery""","""js.clearfake""","""None""","""ClearFake""","""2026-10-09 21:02:42""","""90""","""True""","""None""","""compromised","EtherHide"""
"2026-10-09 16:45:18","""1958682""","""britflix.live""","""domain""","""payload_delivery""","""js.clearfake""","""None""","""ClearFake""","""2026-10-09 21:02:42""","""90""","""True""","""None""","""compromised","EtherHide"""
"2026-10-09 16:45:17","""1958677""","""authoritymarketingagent.com""","""domain""","""payload_delivery""","""js.clearfake""","""None""","""ClearFake""","""2026-10-09 17:11:05""","""90""","""True""","""None""","""compromised","EtherHide"""
"2026-10-09 16:45:17","""1958678""","""atwcolombia.com""","""domain""","""payload_delivery""","""js.clearfake""","""None""","""ClearFake""","""2026-10-09 17:11:05""","""90""","""True""","""None""","""compromised","EtherHide"""
"2026-10-09 16:45:17","""1958679""","""bambofashions.com""","""domain""","""payload_delivery""","""js.clearfake""","""None""","""ClearFake""","""2026-10-09 17:11:05""","""90""","""True""","""None""","""compromised","EtherHide"""
"2026-10-09 16:45:17","""1958680""","""anphutaynguyen.online""","""domain""","""payload_delivery""","""js.clearfake""","""None""","""ClearFake""","""2026-10-09 17:11:05""","""90""","""True""","""None""","""compromised","EtherHide"""
"2026-10-09 16:45:16","""1958673""","""bigwin800jp.site""","""domain""","""payload_delivery""","""js.clearfake""","""None""","""ClearFake""","""2026-10-09 21:02:42""","""90""","""True""","""None""","""compromised","EtherHide"""
"2026-10-09 16:45:16","""1958674""","""bogem10.org""","""domain""","""payload_delivery""","""js.clearfake""","""None""","""ClearFake""","""2026-10-09 21:02:42""","""90""","""True""","""None""","""compromised","EtherHide"""
"2026-10-09 16:45:16","""1958675""","""bonanza01gacors.online""","""domain""","""payload_delivery""","""js.clearfake""","""None""","""ClearFake""","""2026-10-09 21:02:42""","""90""","""True""","""None""","""compromised","EtherHide"""
"2026-10-09 16:45:16","""1958676""","""bonanza1jepe.space""","""domain""","""payload_delivery""","""js.clearfake""","""None""","""ClearFake""","""2026-10-09 21:02:42""","""90""","""True""","""None""","""compromised","EtherHide"""
"2026-10-09 16:45:15","""1958669""","""bongaentertainment.com""","""domain""","""payload_delivery""","""js.clearfake""","""None""","""ClearFake""","""2026-10-09 21:02:42""","""90""","""True""","""None""","""compromised","EtherHide"""
"2026-10-09 16:45:15","""1958670""","""bonanza321gc0r.site""","""domain""","""payload_delivery""","""js.clearfake""","""None""","""ClearFake""","""2026-10-09 21:02:42""","""90""","""True""","""None""","""compromised","EtherHide"""
"2026-10-09 16:45:15","""1958671""","""bonanzagac0r1.online""","""domain""","""payload_delivery""","""js.clearfake""","""None""","""ClearFake""","""2026-10-09 21:02:42""","""90""","""True""","""None""","""compromised","EtherHide"""
"2026-10-09 16:45:15","""1958672""","""bolasbobet01st.space""","""domain""","""payload_delivery""","""js.clearfake""","""None""","""ClearFake""","""2026-10-09 21:02:42""","""90""","""True""","""None""","""compromised","EtherHide"""
"2026-10-09 16:45:14","""1958665""","""bridgevita.com""","""domain""","""payload_delivery""","""js.clearfake""","""None""","""ClearFake""","""2026-10-09 21:02:42""","""90""","""True""","""None""","""compromised","EtherHide"""
"2026-10-09 16:45:14","""1958666""","""bnappstech.com""","""domain""","""payload_delivery""","""js.clearfake""","""None""","""ClearFake""","""2026-10-09 21:02:42""","""90""","""True""","""None""","""compromised","EtherHide"""
"2026-10-09 16:45:14","""1958667""","""bonanza123gac0r.space""","""domain""","""payload_delivery""","""js.clearfake""","""None""","""ClearFake""","""2026-10-09 21:02:42""","""90""","""True""","""None""","""compromised","EtherHide"""
"2026-10-09 16:45:14","""1958668""","""brainsurface.com""","""domain""","""payload_delivery""","""js.clearfake""","""None""","""ClearFake""","""2026-10-09 21:02:42""","""90""","""True""","""None""","""compromised","EtherHide"""
"2026-10-09 16:45:13","""1958664""","""blaszmogames.com""","""domain""","""payload_delivery""","""js.clearfake""","""None""","""ClearFake""","""2026-10-09 21:02:42""","""90""","""True""","""None""","""compromised","EtherHide"""
"2026-10-09 16:35:12","""1958662""","""boardoria.sbs""","""domain""","""payload_delivery""","""js.clearfake""","""None""","""ClearFake""","""2026-10-09 21:02:42""","""90""","""True""","""None""","""compromised","EtherHide"""
"2026-10-09 16:35:12","""1958663""","""balazs-rwa.hu""","""domain""","""payload_delivery""","""js.clearfake""","""None""","""ClearFake""","""2026-10-09 17:11:05""","""90""","""True""","""None""","""compromised","EtherHide"""
"2026-10-09 16:35:11","""1958658""","""briefleaf.tech""","""domain""","""payload_delivery""","""js.clearfake""","""None""","""ClearFake""","""2026-10-09 21:02:42""","""90""","""True""","""None""","""compromised","EtherHide"""
"2026-10-09 16:35:11","""1958659""","""bluejournals.store""","""domain""","""payload_delivery""","""js.clearfake""","""None""","""ClearFake""","""2026-10-09 21:02:42""","""90""","""True""","""None""","""compromised","EtherHide"""
"2026-10-09 16:35:11","""1958660""","""bridgeimpex.net""","""domain""","""payload_delivery""","""js.clearfake""","""None""","""ClearFake""","""2026-10-09 21:02:42""","""90""","""True""","""None""","""compromised","EtherHide"""
"2026-10-09 16:35:11","""1958661""","""bluebriefs.store""","""domain""","""payload_delivery""","""js.clearfake""","""None""","""ClearFake""","""2026-10-09 21:02:42""","""90""","""True""","""None""","""compromised","EtherHide"""
"2026-10-09 16:35:10","""1958655""","""buscapreco.com""","""domain""","""payload_delivery""","""js.clearfake""","""None""","""ClearFake""","""2026-10-09 21:02:42""","""90""","""True""","""None""","""compromised","EtherHide"""
"2026-10-09 16:35:10","""1958656""","""bigsoftcare.com""","""domain""","""payload_delivery""","""js.clearfake""","""None""","""ClearFake""","""2026-10-09 21:02:42""","""90""","""True""","""None""","""compromised","EtherHide"""
"2026-10-09 16:35:10","""1958657""","""bluebrief.store""","""domain""","""payload_delivery""","""js.clearfake""","""None""","""ClearFake""","""2026-10-09 21:02:42""","""90""","""True""","""None""","""compromised","EtherHide"""
"2026-10-09 16:32:10","""1958654""","""2i5dk6t5us.workers.dev""","""domain""","""payload_delivery""","""php.shin_webshell""","""None""","""php.shin_webshell""","""""","""50""","""True""","""None""","""Cloudflare","GIF"
"2026-10-09 16:25:09","""1958651""","""www.basyoun.com""","""domain""","""payload_delivery""","""js.clearfake""","""None""","""ClearFake""","""""","""90""","""True""","""None""","""compromised","EtherHide"""
"2026-10-09 16:25:09","""1958652""","""alshathri.co""","""domain""","""payload_delivery""","""js.clearfake""","""None""","""ClearFake""","""2026-10-09 17:11:05""","""90""","""True""","""None""","""compromised","EtherHide"""
"2026-10-09 16:25:08","""1958647""","""botforextradx.com""","""domain""","""payload_delivery""","""js.clearfake""","""None""","""ClearFake""","""2026-10-09 21:02:42""","""90""","""True""","""None""","""compromised","EtherHide"""
"2026-10-09 16:25:08","""1958648""","""bluelogs.store""","""domain""","""payload_delivery""","""js.clearfake""","""None""","""ClearFake""","""2026-10-09 21:02:42""","""90""","""True""","""None""","""compromised","EtherHide"""
"2026-10-09 16:25:08","""1958649""","""battebare.com""","""domain""","""payload_delivery""","""js.clearfake""","""None""","""ClearFake""","""2026-10-09 21:02:41""","""90""","""True""","""None""","""compromised","EtherHide"""
"2026-10-09 16:25:08","""1958650""","""baiihua.net""","""domain""","""payload_delivery""","""js.clearfake""","""None""","""ClearFake""","""2026-10-09 21:02:41""","""90""","""True""","""None""","""compromised","EtherHide"""
"2026-10-09 16:19:46","""1958641""","""sanbrosextrusionsmachines.com""","""domain""","""payload_delivery""","""js.iclickfix""","""None""","""IClickFix""","""""","""100""","""True""","""""","""ClickFix","HwFingerprint"""
"2026-10-09 16:19:46","""1958642""","""scarunites.org""","""domain""","""payload_delivery""","""js.iclickfix""","""None""","""IClickFix""","""""","""100""","""True""","""""","""ClickFix","HwFingerprint"""
"2026-10-09 16:19:46","""1958643""","""www.professorpaulomoraes.com""","""domain""","""payload_delivery""","""js.iclickfix""","""None""","""IClickFix""","""""","""100""","""True""","""""","""ClickFix","HwFingerprint"""
"2026-10-09 16:19:46","""1958644""","""www.rebatefirm.com""","""domain""","""payload_delivery""","""js.iclickfix""","""None""","""IClickFix""","""""","""100""","""True""","""""","""ClickFix","HwFingerprint"""
"2026-10-09 16:19:46","""1958645""","""www.uttaramahilapatrika.com""","""domain""","""payload_delivery""","""js.iclickfix""","""None""","""IClickFix""","""""","""100""","""True""","""""","""ClickFix","HwFingerprint"""
"2026-10-09 16:19:46","""1958646""","""zamzamksa.com""","""domain""","""payload_delivery""","""js.iclickfix""","""None""","""IClickFix""","""2026-10-09 19:27:42""","""100""","""True""","""""","""ClickFix","HwFingerprint"""
"2026-10-09 16:19:45","""1958638""","""joyous-holiday.com""","""domain""","""payload_delivery""","""js.iclickfix""","""None""","""IClickFix""","""""","""100""","""True""","""""","""ClickFix","HwFingerprint"""
"2026-10-09 16:19:45","""1958639""","""movista.ch""","""domain""","""payload_delivery""","""js.iclickfix""","""None""","""IClickFix""","""""","""100""","""True""","""""","""ClickFix","HwFingerprint"""
"2026-10-09 16:19:45","""1958640""","""safestroutetransport.com""","""domain""","""payload_delivery""","""js.iclickfix""","""None""","""IClickFix""","""""","""100""","""True""","""""","""ClickFix","HwFingerprint"""
"2026-10-09 16:19:44","""1958636""","""flutuarweb.com.br""","""domain""","""payload_delivery""","""js.iclickfix""","""None""","""IClickFix""","""""","""100""","""True""","""""","""ClickFix","HwFingerprint"""
"2026-10-09 16:19:44","""1958637""","""gamschools.com""","""domain""","""payload_delivery""","""js.iclickfix""","""None""","""IClickFix""","""2026-10-09 19:19:22""","""100""","""True""","""""","""ClickFix","HwFingerprint"""
"2026-10-09 16:19:43","""1958635""","""aimst.org.in""","""domain""","""payload_delivery""","""js.iclickfix""","""None""","""IClickFix""","""""","""100""","""True""","""""","""ClickFix","HwFingerprint"""
"2026-10-09 16:15:07","""1958634""","""bdggame.download""","""domain""","""payload_delivery""","""js.clearfake""","""None""","""ClearFake""","""2026-10-09 21:02:41""","""90""","""True""","""None""","""compromised","EtherHide"""
"2026-10-09 16:15:06","""1958630""","""beatchronicles.store""","""domain""","""payload_delivery""","""js.clearfake""","""None""","""ClearFake""","""2026-10-09 21:02:41""","""90""","""True""","""None""","""compromised","EtherHide"""
"2026-10-09 16:15:06","""1958631""","""beatcorner.store""","""domain""","""payload_delivery""","""js.clearfake""","""None""","""ClearFake""","""2026-10-09 21:02:41""","""90""","""True""","""None""","""compromised","EtherHide"""
"2026-10-09 16:15:06","""1958632""","""angkasa138wons.site""","""domain""","""payload_delivery""","""js.clearfake""","""None""","""ClearFake""","""2026-10-09 21:02:40""","""90""","""True""","""None""","""compromised","EtherHide"""
"2026-10-09 16:15:06","""1958633""","""aztec800jp.site""","""domain""","""payload_delivery""","""js.clearfake""","""None""","""ClearFake""","""2026-10-09 21:02:41""","""90""","""True""","""None""","""compromised","EtherHide"""
"2026-10-09 16:15:05","""1958627""","""azurcode.top""","""domain""","""payload_delivery""","""js.clearfake""","""None""","""ClearFake""","""2026-10-09 21:02:41""","""90""","""True""","""None""","""compromised","EtherHide"""
"2026-10-09 16:15:05","""1958628""","""batikllive22.space""","""domain""","""payload_delivery""","""js.clearfake""","""None""","""ClearFake""","""2026-10-09 21:02:41""","""90""","""True""","""None""","""compromised","EtherHide"""
"2026-10-09 16:15:05","""1958629""","""baiifa.com""","""domain""","""payload_delivery""","""js.clearfake""","""None""","""ClearFake""","""2026-10-09 21:02:41""","""90""","""True""","""None""","""compromised","EtherHide"""
"2026-10-09 16:09:48","""1958625""","""globalcoclos.cc""","""domain""","""payload_delivery""","""unknown""","""None""","""Unknown malware""","""""","""90""","""False""","""None""","""ZigClipper""","""1"""
"2026-10-09 15:59:51","""1958617""","""ayohijab.com""","""domain""","""payload_delivery""","""js.clearfake""","""None""","""ClearFake""","""2026-10-09 21:02:41""","""90""","""True""","""None""","""compromised","EtherHide"""
"2026-10-09 15:59:50","""1958612""","""angkasato38jir.quest""","""domain""","""payload_delivery""","""js.clearfake""","""None""","""ClearFake""","""2026-10-09 21:02:41""","""90""","""True""","""None""","""compromised","EtherHide"""
"2026-10-09 15:59:50","""1958613""","""angkasa138yabos.site""","""domain""","""payload_delivery""","""js.clearfake""","""None""","""ClearFake""","""2026-10-09 21:02:41""","""90""","""True""","""None""","""compromised","EtherHide"""
"2026-10-09 15:59:50","""1958614""","""angkasatu38mmw.cyou""","""domain""","""payload_delivery""","""js.clearfake""","""None""","""ClearFake""","""2026-10-09 21:02:41""","""90""","""True""","""None""","""compromised","EtherHide"""
"2026-10-09 15:59:50","""1958615""","""angkasatu38owe.quest""","""domain""","""payload_delivery""","""js.clearfake""","""None""","""ClearFake""","""2026-10-09 21:02:41""","""90""","""True""","""None""","""compromised","EtherHide"""
"2026-10-09 15:59:50","""1958616""","""angkasatu38bos.cyou""","""domain""","""payload_delivery""","""js.clearfake""","""None""","""ClearFake""","""2026-10-09 21:02:41""","""90""","""True""","""None""","""compromised","EtherHide"""
"2026-10-09 15:59:49","""1958608""","""angkasapurra.org""","""domain""","""payload_delivery""","""js.clearfake""","""None""","""ClearFake""","""2026-10-09 21:02:41""","""90""","""True""","""None""","""compromised","EtherHide"""
"2026-10-09 15:59:49","""1958609""","""angkasapura2k.org""","""domain""","""payload_delivery""","""js.clearfake""","""None""","""ClearFake""","""2026-10-09 21:02:41""","""90""","""True""","""None""","""compromised","EtherHide"""
"2026-10-09 15:59:49","""1958610""","""angkasa138yoks.site""","""domain""","""payload_delivery""","""js.clearfake""","""None""","""ClearFake""","""2026-10-09 21:02:41""","""90""","""True""","""None""","""compromised","EtherHide"""
"2026-10-09 15:59:49","""1958611""","""asialive22.space""","""domain""","""payload_delivery""","""js.clearfake""","""None""","""ClearFake""","""2026-10-09 21:02:41""","""90""","""True""","""None""","""compromised","EtherHide"""
"2026-10-09 15:49:48","""1958607""","""ayoorca.com""","""domain""","""payload_delivery""","""js.clearfake""","""None""","""ClearFake""","""2026-10-09 21:02:41""","""90""","""True""","""None""","""compromised","EtherHide"""
"2026-10-09 15:49:47","""1958603""","""angkasapura2.org""","""domain""","""payload_delivery""","""js.clearfake""","""None""","""ClearFake""","""2026-10-09 21:02:41""","""90""","""True""","""None""","""compromised","EtherHide"""
"2026-10-09 15:49:47","""1958604""","""angkasa138vvin.site""","""domain""","""payload_delivery""","""js.clearfake""","""None""","""ClearFake""","""2026-10-09 21:02:40""","""90""","""True""","""None""","""compromised","EtherHide"""
"2026-10-09 15:49:47","""1958605""","""angkasa138wuw.cyou""","""domain""","""payload_delivery""","""js.clearfake""","""None""","""ClearFake""","""2026-10-09 21:02:40""","""90""","""True""","""None""","""compromised","EtherHide"""
"2026-10-09 15:49:47","""1958606""","""asialivegac0r.online""","""domain""","""payload_delivery""","""js.clearfake""","""None""","""ClearFake""","""2026-10-09 21:02:41""","""90""","""True""","""None""","""compromised","EtherHide"""
"2026-10-09 15:49:46","""1958599""","""askglobalbiz.com""","""domain""","""payload_delivery""","""js.clearfake""","""None""","""ClearFake""","""2026-10-09 21:02:41""","""90""","""True""","""None""","""compromised","EtherHide"""
"2026-10-09 15:49:46","""1958600""","""angkasa138win.cyou""","""domain""","""payload_delivery""","""js.clearfake""","""None""","""ClearFake""","""2026-10-09 21:02:40""","""90""","""True""","""None""","""compromised","EtherHide"""
"2026-10-09 15:49:46","""1958601""","""avenyze.com""","""domain""","""payload_delivery""","""js.clearfake""","""None""","""ClearFake""","""2026-10-09 21:02:41""","""90""","""True""","""None""","""compromised","EtherHide"""
"2026-10-09 15:49:46","""1958602""","""angkasa138wih.site""","""domain""","""payload_delivery""","""js.clearfake""","""None""","""ClearFake""","""2026-10-09 21:02:40""","""90""","""True""","""None""","""compromised","EtherHide"""
"2026-10-09 15:49:45","""1958597""","""aniwave.ro""","""domain""","""payload_delivery""","""js.clearfake""","""None""","""ClearFake""","""2026-10-09 21:02:41""","""90""","""True""","""None""","""compromised","EtherHide"""
"2026-10-09 15:49:45","""1958598""","""angkasa138w1n.site""","""domain""","""payload_delivery""","""js.clearfake""","""None""","""ClearFake""","""2026-10-09 21:02:40""","""90""","""True""","""None""","""compromised","EtherHide"""
"2026-10-09 15:39:44","""1958400""","""alimousa.site""","""domain""","""payload_delivery""","""js.clearfake""","""None""","""ClearFake""","""2026-10-09 21:02:40""","""90""","""True""","""None""","""compromised","EtherHide"""
"2026-10-09 15:39:44","""1958401""","""alrehansign.com""","""domain""","""payload_delivery""","""js.clearfake""","""None""","""ClearFake""","""2026-10-09 21:02:40""","""90""","""True""","""None""","""compromised","EtherHide"""
"2026-10-09 15:39:44","""1958402""","""alifilms.com.au""","""domain""","""payload_delivery""","""js.clearfake""","""None""","""ClearFake""","""2026-10-09 21:02:40""","""90""","""True""","""None""","""compromised","EtherHide"""
"2026-10-09 15:39:43","""1958398""","""angkasa138eeh.cyou""","""domain""","""payload_delivery""","""js.clearfake""","""None""","""ClearFake""","""2026-10-09 21:02:40""","""90""","""True""","""None""","""compromised","EtherHide"""
"2026-10-09 15:39:43","""1958399""","""angkasa138juu.cyou""","""domain""","""payload_delivery""","""js.clearfake""","""None""","""ClearFake""","""2026-10-09 21:02:40""","""90""","""True""","""None""","""compromised","EtherHide"""
"2026-10-09 15:29:42","""1958394""","""angkasa138oww.site""","""domain""","""payload_delivery""","""js.clearfake""","""None""","""ClearFake""","""2026-10-09 21:02:40""","""90""","""True""","""None""","""compromised","EtherHide"""
"2026-10-09 15:29:42","""1958395""","""angkasa138stars.site""","""domain""","""payload_delivery""","""js.clearfake""","""None""","""ClearFake""","""2026-10-09 21:02:40""","""90""","""True""","""None""","""compromised","EtherHide"""
"2026-10-09 15:29:42","""1958396""","""angkasa138bagi.space""","""domain""","""payload_delivery""","""js.clearfake""","""None""","""ClearFake""","""2026-10-09 21:02:40""","""90""","""True""","""None""","""compromised","EtherHide"""
"2026-10-09 15:29:41","""1958390""","""angkasa138iwe.site""","""domain""","""payload_delivery""","""js.clearfake""","""None""","""ClearFake""","""2026-10-09 21:02:40""","""90""","""True""","""None""","""compromised","EtherHide"""
"2026-10-09 15:29:41","""1958391""","""amp77bet.com""","""domain""","""payload_delivery""","""js.clearfake""","""None""","""ClearFake""","""2026-10-09 21:02:40""","""90""","""True""","""None""","""compromised","EtherHide"""
"2026-10-09 15:29:41","""1958392""","""angkasa138oue.site""","""domain""","""payload_delivery""","""js.clearfake""","""None""","""ClearFake""","""2026-10-09 21:02:40""","""90""","""True""","""None""","""compromised","EtherHide"""
"2026-10-09 15:29:41","""1958393""","""angkasa138sot.cyou""","""domain""","""payload_delivery""","""js.clearfake""","""None""","""ClearFake""","""2026-10-09 21:02:40""","""90""","""True""","""None""","""compromised","EtherHide"""
"2026-10-09 15:29:40","""1958386""","""allstates-us.com""","""domain""","""payload_delivery""","""js.clearfake""","""None""","""ClearFake""","""2026-10-09 21:02:40""","""90""","""True""","""None""","""compromised","EtherHide"""
"2026-10-09 15:29:40","""1958387""","""angkasa138maho.cyou""","""domain""","""payload_delivery""","""js.clearfake""","""None""","""ClearFake""","""2026-10-09 21:02:40""","""90""","""True""","""None""","""compromised","EtherHide"""
"2026-10-09 15:29:40","""1958388""","""alljob.bd""","""domain""","""payload_delivery""","""js.clearfake""","""None""","""ClearFake""","""2026-10-09 21:02:40""","""90""","""True""","""None""","""compromised","EtherHide"""
"2026-10-09 15:29:40","""1958389""","""angkasa138buah.space""","""domain""","""payload_delivery""","""js.clearfake""","""None""","""ClearFake""","""2026-10-09 21:02:40""","""90""","""True""","""None""","""compromised","EtherHide"""
"2026-10-09 15:29:39","""1958385""","""angkasa138st.site""","""domain""","""payload_delivery""","""js.clearfake""","""None""","""ClearFake""","""2026-10-09 21:02:40""","""90""","""True""","""None""","""compromised","EtherHide"""
"2026-10-09 15:23:45","""1958384""","""secretanselma.workers.dev""","""domain""","""payload_delivery""","""php.shin_webshell""","""None""","""php.shin_webshell""","""""","""50""","""True""","""None""","""Cloudflare","GIF"
"2026-10-09 15:19:39","""1958383""","""angkasa138star.site""","""domain""","""payload_delivery""","""js.clearfake""","""None""","""ClearFake""","""2026-10-09 21:02:40""","""90""","""True""","""None""","""compromised","EtherHide"""
"2026-10-09 15:19:38","""1958379""","""angkasa138muh.cyou""","""domain""","""payload_delivery""","""js.clearfake""","""None""","""ClearFake""","""2026-10-09 21:02:40""","""90""","""True""","""None""","""compromised","EtherHide"""
"2026-10-09 15:19:38","""1958380""","""angkasa138bruh.site""","""domain""","""payload_delivery""","""js.clearfake""","""None""","""ClearFake""","""2026-10-09 21:02:40""","""90""","""True""","""None""","""compromised","EtherHide"""
"2026-10-09 15:19:38","""1958381""","""angkasa138.online""","""domain""","""payload_delivery""","""js.clearfake""","""None""","""ClearFake""","""2026-10-09 21:02:40""","""90""","""True""","""None""","""compromised","EtherHide"""
"2026-10-09 15:19:38","""1958382""","""angkasa138toh.cyou""","""domain""","""payload_delivery""","""js.clearfake""","""None""","""ClearFake""","""2026-10-09 21:02:40""","""90""","""True""","""None""","""compromised","EtherHide"""
"2026-10-09 15:19:37","""1958375""","""angkasa138orian.site""","""domain""","""payload_delivery""","""js.clearfake""","""None""","""ClearFake""","""2026-10-09 21:02:40""","""90""","""True""","""None""","""compromised","EtherHide"""
"2026-10-09 15:19:37","""1958376""","""angkasa138nihh.site""","""domain""","""payload_delivery""","""js.clearfake""","""None""","""ClearFake""","""2026-10-09 21:02:40""","""90""","""True""","""None""","""compromised","EtherHide"""
"2026-10-09 15:19:37","""1958377""","""angkasa138now.cyou""","""domain""","""payload_delivery""","""js.clearfake""","""None""","""ClearFake""","""2026-10-09 21:02:40""","""90""","""True""","""None""","""compromised","EtherHide"""
"2026-10-09 15:19:37","""1958378""","""ampsinar.com""","""domain""","""payload_delivery""","""js.clearfake""","""None""","""ClearFake""","""2026-10-09 21:02:40""","""90""","""True""","""None""","""compromised","EtherHide"""
"2026-10-09 15:19:36","""1958371""","""angkasa138uei.site""","""domain""","""payload_delivery""","""js.clearfake""","""None""","""ClearFake""","""2026-10-09 21:02:40""","""90""","""True""","""None""","""compromised","EtherHide"""
"2026-10-09 15:19:36","""1958372""","""angkasa138mbur.site""","""domain""","""payload_delivery""","""js.clearfake""","""None""","""ClearFake""","""2026-10-09 21:02:40""","""90""","""True""","""None""","""compromised","EtherHide"""
"2026-10-09 15:19:36","""1958373""","""angkasa138mmx.cyou""","""domain""","""payload_delivery""","""js.clearfake""","""None""","""ClearFake""","""2026-10-09 21:02:40""","""90""","""True""","""None""","""compromised","EtherHide"""
"2026-10-09 15:19:36","""1958374""","""angkasa138original.shop""","""domain""","""payload_delivery""","""js.clearfake""","""None""","""ClearFake""","""2026-10-09 21:02:40""","""90""","""True""","""None""","""compromised","EtherHide"""
"2026-10-09 15:19:35","""1958370""","""angkasa1318ril.site""","""domain""","""payload_delivery""","""js.clearfake""","""None""","""ClearFake""","""2026-10-09 21:02:40""","""90""","""True""","""None""","""compromised","EtherHide"""
"2026-10-09 15:18:59","""1958369""","""fzhcf43291.workers.dev""","""domain""","""payload_delivery""","""php.shin_webshell""","""None""","""php.shin_webshell""","""""","""50""","""True""","""None""","""Cloudflare","GIF"
"2026-10-09 15:17:40","""1958368""","""sanxuatmay.com""","""domain""","""payload_delivery""","""js.iclickfix""","""None""","""IClickFix""","""2026-10-09 18:01:22""","""100""","""True""","""""","""ClickFix""","""0"""
"2026-10-09 15:09:34","""1958363""","""angkasa138cik.cyou""","""domain""","""payload_delivery""","""js.clearfake""","""None""","""ClearFake""","""2026-10-09 21:02:40""","""90""","""True""","""None""","""compromised","EtherHide"""
"2026-10-09 15:09:34","""1958364""","""angkasa138come.site""","""domain""","""payload_delivery""","""js.clearfake""","""None""","""ClearFake""","""2026-10-09 21:02:40""","""90""","""True""","""None""","""compromised","EtherHide"""
"2026-10-09 15:09:34","""1958365""","""amberden.store""","""domain""","""payload_delivery""","""js.clearfake""","""None""","""ClearFake""","""2026-10-09 21:02:40""","""90""","""True""","""None""","""compromised","EtherHide"""
"2026-10-09 15:09:34","""1958366""","""amberblog.store""","""domain""","""payload_delivery""","""js.clearfake""","""None""","""ClearFake""","""2026-10-09 21:02:40""","""90""","""True""","""None""","""compromised","EtherHide"""
"2026-10-09 15:09:33","""1958359""","""amberblogs.store""","""domain""","""payload_delivery""","""js.clearfake""","""None""","""ClearFake""","""2026-10-09 21:02:40""","""90""","""True""","""None""","""compromised","EtherHide"""
"2026-10-09 15:09:33","""1958360""","""angkasa138login.world""","""domain""","""payload_delivery""","""js.clearfake""","""None""","""ClearFake""","""2026-10-09 21:02:40""","""90""","""True""","""None""","""compromised","EtherHide"""
"2026-10-09 15:09:33","""1958361""","""angkasa138buah.shop""","""domain""","""payload_delivery""","""js.clearfake""","""None""","""ClearFake""","""2026-10-09 21:02:40""","""90""","""True""","""None""","""compromised","EtherHide"""
"2026-10-09 15:09:33","""1958362""","""amberdiary.store""","""domain""","""payload_delivery""","""js.clearfake""","""None""","""ClearFake""","""2026-10-09 21:02:40""","""90""","""True""","""None""","""compromised","EtherHide"""
"2026-10-09 15:09:32","""1958355""","""angkasa138loe.site""","""domain""","""payload_delivery""","""js.clearfake""","""None""","""ClearFake""","""2026-10-09 21:02:40""","""90""","""True""","""None""","""compromised","EtherHide"""
"2026-10-09 15:09:32","""1958356""","""angkasa138fly.site""","""domain""","""payload_delivery""","""js.clearfake""","""None""","""ClearFake""","""2026-10-09 21:02:40""","""90""","""True""","""None""","""compromised","EtherHide"""
"2026-10-09 15:09:32","""1958357""","""angkasa138mbos.site""","""domain""","""payload_delivery""","""js.clearfake""","""None""","""ClearFake""","""2026-10-09 21:02:40""","""90""","""True""","""None""","""compromised","EtherHide"""
"2026-10-09 15:09:32","""1958358""","""angkasa138cuks.site""","""domain""","""payload_delivery""","""js.clearfake""","""None""","""ClearFake""","""2026-10-09 21:02:40""","""90""","""True""","""None""","""compromised","EtherHide"""
"2026-10-09 15:09:31","""1958353""","""angkasa138ones.site""","""domain""","""payload_delivery""","""js.clearfake""","""None""","""ClearFake""","""2026-10-09 21:02:40""","""90""","""True""","""None""","""compromised","EtherHide"""
"2026-10-09 15:09:31","""1958354""","""angkasa138moe.cyou""","""domain""","""payload_delivery""","""js.clearfake""","""None""","""ClearFake""","""2026-10-09 21:02:40""","""90""","""True""","""None""","""compromised","EtherHide"""
"2026-10-09 15:09:21","""1958352""","""crawl-66-249-79-33.googlebot.com""","""domain""","""payload_delivery""","""php.shin_webshell""","""None""","""php.shin_webshell""","""""","""50""","""True""","""None""","""GIF","PHP"
"2026-10-09 14:54:03","""1958348""","""amberdaily.store""","""domain""","""payload_delivery""","""js.clearfake""","""None""","""ClearFake""","""2026-10-09 21:02:40""","""90""","""True""","""None""","""compromised","EtherHide"""
"2026-10-09 14:54:03","""1958349""","""amberbulletins.store""","""domain""","""payload_delivery""","""js.clearfake""","""None""","""ClearFake""","""2026-10-09 21:02:40""","""90""","""True""","""None""","""compromised","EtherHide"""
"2026-10-09 14:54:02","""1958347""","""aliyunmail.app""","""domain""","""payload_delivery""","""js.clearfake""","""None""","""ClearFake""","""2026-10-09 21:02:40""","""90""","""True""","""None""","""compromised","EtherHide"""
"2026-10-09 14:34:01","""1958345""","""888slotgac0rwin.online""","""domain""","""payload_delivery""","""js.clearfake""","""None""","""ClearFake""","""2026-10-09 21:02:39""","""90""","""True""","""None""","""compromised","EtherHide"""
"2026-10-09 14:34:01","""1958346""","""3jmslogistics.com""","""domain""","""payload_delivery""","""js.clearfake""","""None""","""ClearFake""","""2026-10-09 21:02:39""","""90""","""True""","""None""","""compromised","EtherHide"""
"2026-10-09 14:34:00","""1958341""","""888slotmaxwin1.space""","""domain""","""payload_delivery""","""js.clearfake""","""None""","""ClearFake""","""2026-10-09 21:02:39""","""90""","""True""","""None""","""compromised","EtherHide"""
"2026-10-09 14:34:00","""1958342""","""888slotmaxwin01.space""","""domain""","""payload_delivery""","""js.clearfake""","""None""","""ClearFake""","""2026-10-09 21:02:39""","""90""","""True""","""None""","""compromised","EtherHide"""
"2026-10-09 14:34:00","""1958343""","""1eu-sharepoint.com""","""domain""","""payload_delivery""","""js.clearfake""","""None""","""ClearFake""","""2026-10-09 21:02:39""","""90""","""True""","""None""","""compromised","EtherHide"""
"2026-10-09 14:34:00","""1958344""","""77betsports01.space""","""domain""","""payload_delivery""","""js.clearfake""","""None""","""ClearFake""","""2026-10-09 21:02:39""","""90""","""True""","""None""","""compromised","EtherHide"""
"2026-10-09 14:33:59","""1958339""","""777slotmaxwin01.space""","""domain""","""payload_delivery""","""js.clearfake""","""None""","""ClearFake""","""2026-10-09 21:02:39""","""90""","""True""","""None""","""compromised","EtherHide"""
"2026-10-09 14:33:59","""1958340""","""2dollarsubscriptions.com""","""domain""","""payload_delivery""","""js.clearfake""","""None""","""ClearFake""","""2026-10-09 21:02:39""","""90""","""True""","""None""","""compromised","EtherHide"""
"2026-10-09 14:33:57","""1958338""","""lavender222.workers.dev""","""domain""","""payload_delivery""","""php.shin_webshell""","""None""","""php.shin_webshell""","""""","""50""","""True""","""None""","""Cloudflare","GIF"
"2026-10-09 14:23:58","""1958336""","""222slotmaxwin1.space""","""domain""","""payload_delivery""","""js.clearfake""","""None""","""ClearFake""","""2026-10-09 21:02:39""","""90""","""True""","""None""","""compromised","EtherHide"""
"2026-10-09 14:12:39","""1958335""","""google-proxy-74-125-213-43.google.com""","""domain""","""payload_delivery""","""php.shin_webshell""","""None""","""php.shin_webshell""","""""","""50""","""True""","""None""","""GIF","PHP"
"2026-10-09 14:08:24","""1958333""","""812-group.com""","""domain""","""payload_delivery""","""js.clearfake""","""None""","""ClearFake""","""2026-10-09 21:02:39""","""90""","""True""","""None""","""compromised","EtherHide"""
"2026-10-09 14:08:24","""1958334""","""dharaniinfrastructure.com""","""domain""","""payload_delivery""","""js.clearfake""","""None""","""ClearFake""","""""","""90""","""True""","""None""","""compromised","EtherHide"""
"2026-10-09 14:08:23","""1958331""","""777slotgac0rwin.site""","""domain""","""payload_delivery""","""js.clearfake""","""None""","""ClearFake""","""2026-10-09 21:02:39""","""90""","""True""","""None""","""compromised","EtherHide"""
"2026-10-09 14:08:23","""1958332""","""777slotmaxwin1.space""","""domain""","""payload_delivery""","""js.clearfake""","""None""","""ClearFake""","""2026-10-09 21:02:39""","""90""","""True""","""None""","""compromised","EtherHide"""
"2026-10-09 13:33:10","""1958325""","""lakihila.workers.dev""","""domain""","""payload_delivery""","""php.shin_webshell""","""None""","""php.shin_webshell""","""""","""50""","""True""","""None""","""Cloudflare","GIF"
"2026-10-09 13:30:25","""1958324""","""ikvg8azi.misle.store""","""domain""","""payload_delivery""","""js.clearfake""","""None""","""ClearFake""","""""","""100""","""False""","""None""","""ClearFake","mac-0x0f14"
"2026-10-09 13:26:44","""1958323""","""qvdst48061.workers.dev""","""domain""","""payload_delivery""","""php.shin_webshell""","""None""","""php.shin_webshell""","""""","""50""","""True""","""None""","""Cloudflare","GIF"
"2026-10-09 13:19:20","""1958322""","""seaopencd.com""","""domain""","""payload_delivery""","""js.clearfake""","""None""","""ClearFake""","""""","""90""","""False""","""None""","""ClearFake","ClickFix"
"2026-10-09 13:05:05","""1958308""","""pro.jasperwater.info""","""domain""","""payload_delivery""","""js.smartapesg""","""HANEYMANEY","ZPHP""","""SmartApeSG""","""2026-10-09 12:10:37""","""100""","""False""","""None""","""SmartApeSG"""
"2026-10-09 12:41:31","""1958318""","""gkpuc66191.workers.dev""","""domain""","""payload_delivery""","""php.shin_webshell""","""None""","""php.shin_webshell""","""""","""50""","""True""","""None""","""Cloudflare","GIF"
"2026-10-09 12:32:47","""1958317""","""mars-uae.com""","""domain""","""payload_delivery""","""js.clearfake""","""None""","""ClearFake""","""""","""90""","""False""","""None""","""ClearFake","ClickFix"
"2026-10-09 12:32:44","""1958316""","""restaurant.moovent.ch""","""domain""","""payload_delivery""","""js.clearfake""","""None""","""ClearFake""","""""","""90""","""True""","""None""","""compromised","EtherHide"""
"2026-10-09 12:28:01","""1958314""","""48ypnsgk.porel.store""","""domain""","""payload_delivery""","""js.clearfake""","""None""","""ClearFake""","""""","""100""","""False""","""None""","""ClearFake","mac-0x76c7"
"2026-10-09 12:01:01","""1958304""","""google-proxy-66-249-88-198.google.com""","""domain""","""payload_delivery""","""php.shin_webshell""","""None""","""php.shin_webshell""","""""","""50""","""True""","""None""","""GIF","PHP"
"2026-10-09 11:41:38","""1958301""","""hofugo.workers.dev""","""domain""","""payload_delivery""","""php.shin_webshell""","""None""","""php.shin_webshell""","""""","""50""","""True""","""None""","""Cloudflare","GIF"
"2026-10-09 11:31:43","""1958298""","""hakaxylu.workers.dev""","""domain""","""payload_delivery""","""php.shin_webshell""","""None""","""php.shin_webshell""","""""","""50""","""True""","""None""","""Cloudflare","GIF"
"2026-10-09 10:53:18","""1958294""","""juynu31926.workers.dev""","""domain""","""payload_delivery""","""php.shin_webshell""","""None""","""php.shin_webshell""","""""","""50""","""True""","""None""","""Cloudflare","GIF"
"2026-10-09 10:48:30","""1958263""","""1rvrental.com""","""domain""","""payload_delivery""","""unknown""","""None""","""Unknown malware""","""""","""100""","""False""","""https://threatfox.abuse.ch/ioc/1958195/""","""None""","""0"""
"2026-10-09 10:48:29","""1958266""","""edgnltatqptann.com""","""domain""","""botnet_cc""","""win.deerstealer""","""None""","""DeerStealer""","""""","""100""","""False""","""https://blakekwhite.com/research/clickfix-github-desktop-backdoor/""","""None""","""0"""
"2026-10-09 10:48:29","""1958267""","""aeyibtnr.com""","""domain""","""botnet_cc""","""win.deerstealer""","""None""","""DeerStealer""","""""","""100""","""False""","""https://blakekwhite.com/research/clickfix-github-desktop-backdoor/""","""None""","""0"""
"2026-10-09 10:48:28","""1958268""","""anwhinweudee.com""","""domain""","""botnet_cc""","""win.deerstealer""","""None""","""DeerStealer""","""""","""100""","""False""","""https://blakekwhite.com/research/clickfix-github-desktop-backdoor/""","""None""","""0"""
"2026-10-09 10:20:15","""1958283""","""xya.supercrone.cc""","""domain""","""botnet_cc""","""elf.aisuru""","""None""","""Aisuru""","""""","""100""","""False""","""https://github.com/deepfield/public-research/tree/main/aisuru""","""airashi","aisuru"
"2026-10-09 10:20:15","""1958284""","""feds.iphaven.qzz.io""","""domain""","""botnet_cc""","""elf.aisuru""","""None""","""Aisuru""","""""","""100""","""False""","""https://github.com/deepfield/public-research/tree/main/aisuru""","""airashi","aisuru"
"2026-10-09 09:48:17","""1958280""","""javeqe.workers.dev""","""domain""","""payload_delivery""","""php.shin_webshell""","""None""","""php.shin_webshell""","""""","""50""","""True""","""None""","""Cloudflare","GIF"
"2026-10-09 09:40:32","""1958269""","""qsvl1hxbh1.workers.dev""","""domain""","""payload_delivery""","""php.shin_webshell""","""None""","""php.shin_webshell""","""""","""50""","""True""","""None""","""Cloudflare","GIF"
"2026-10-09 09:16:19","""1958261""","""asea4ied.ruut.store""","""domain""","""payload_delivery""","""js.clearfake""","""None""","""ClearFake""","""""","""100""","""False""","""None""","""ClearFake","mac-0x0f14"
"2026-10-09 09:03:09","""1958241""","""213-180-203-5.spider.yandex.com""","""domain""","""payload_delivery""","""php.shin_webshell""","""None""","""php.shin_webshell""","""""","""50""","""True""","""None""","""GIF","PHP"
"2026-10-09 08:58:47","""1958239""","""6971jacquie.workers.dev""","""domain""","""payload_delivery""","""php.shin_webshell""","""None""","""php.shin_webshell""","""""","""50""","""True""","""None""","""Cloudflare","GIF"
"2026-10-09 08:57:08","""1958238""","""stnnik2.sa-sharepoint.com""","""domain""","""payload_delivery""","""js.clearfake""","""None""","""ClearFake""","""""","""90""","""True""","""None""","""compromised","EtherHide"""
"2026-10-09 08:47:07","""1958236""","""www.bk8casinothai.com""","""domain""","""payload_delivery""","""js.clearfake""","""None""","""ClearFake""","""""","""90""","""True""","""None""","""compromised","EtherHide"""
"2026-10-09 07:51:29","""1958219""","""jcbsx68590.workers.dev""","""domain""","""payload_delivery""","""php.shin_webshell""","""None""","""php.shin_webshell""","""""","""50""","""True""","""None""","""Cloudflare","GIF"
"2026-10-09 07:46:46","""1958218""","""pobruog.wiki""","""domain""","""payload_delivery""","""js.iclickfix""","""None""","""IClickFix""","""""","""100""","""False""","""""","""ErrTraffic""","""0"""
"2026-10-09 07:46:45","""1958209""","""apdhlhs3.xyz""","""domain""","""payload_delivery""","""js.iclickfix""","""None""","""IClickFix""","""""","""100""","""False""","""""","""ErrTraffic""","""0"""
"2026-10-09 07:46:45","""1958210""","""j9af4sr.guru""","""domain""","""payload_delivery""","""js.iclickfix""","""None""","""IClickFix""","""""","""100""","""False""","""""","""ErrTraffic""","""0"""
"2026-10-09 07:46:45","""1958211""","""okekjaiw.click""","""domain""","""payload_delivery""","""js.iclickfix""","""None""","""IClickFix""","""""","""100""","""False""","""""","""ErrTraffic""","""0"""
"2026-10-09 07:46:45","""1958212""","""8jdjpwka.baby""","""domain""","""payload_delivery""","""js.iclickfix""","""None""","""IClickFix""","""""","""100""","""False""","""""","""ErrTraffic""","""0"""
"2026-10-09 07:46:45","""1958213""","""fbuytf67.click""","""domain""","""payload_delivery""","""js.iclickfix""","""None""","""IClickFix""","""""","""100""","""False""","""""","""ErrTraffic""","""0"""
"2026-10-09 07:46:45","""1958214""","""67sixcebeh.surf""","""domain""","""payload_delivery""","""js.iclickfix""","""None""","""IClickFix""","""""","""100""","""False""","""""","""ErrTraffic""","""0"""
"2026-10-09 07:46:45","""1958215""","""vg5sgxv.lol""","""domain""","""payload_delivery""","""js.iclickfix""","""None""","""IClickFix""","""""","""100""","""False""","""""","""ErrTraffic""","""0"""
"2026-10-09 07:46:45","""1958216""","""namanami.top""","""domain""","""payload_delivery""","""js.iclickfix""","""None""","""IClickFix""","""2026-10-09 07:46:45""","""100""","""False""","""""","""ErrTraffic""","""0"""
"2026-10-09 07:46:45","""1958217""","""electronic72.pro""","""domain""","""payload_delivery""","""js.iclickfix""","""None""","""IClickFix""","""2026-10-09 07:46:45""","""100""","""False""","""""","""ErrTraffic""","""0"""
"2026-10-09 07:36:06","""1958204""","""check-pdf-image.com""","""domain""","""payload_delivery""","""js.tonrat""","""TONResolver""","""TonRAT""","""""","""100""","""True""","""None""","""None""","""1"""
"2026-10-09 07:36:06","""1958205""","""checkingdrive-october.com""","""domain""","""payload_delivery""","""js.tonrat""","""TONResolver""","""TonRAT""","""""","""100""","""True""","""None""","""None""","""1"""
"2026-10-09 07:36:06","""1958206""","""driveinformation-octob.com""","""domain""","""payload_delivery""","""js.tonrat""","""TONResolver""","""TonRAT""","""""","""100""","""True""","""None""","""None""","""1"""
"2026-10-09 07:36:06","""1958207""","""pdf-check-now.com""","""domain""","""payload_delivery""","""js.tonrat""","""TONResolver""","""TonRAT""","""""","""100""","""True""","""None""","""None""","""1"""
"2026-10-09 07:36:06","""1958208""","""pdf-check-online.com""","""domain""","""payload_delivery""","""js.tonrat""","""TONResolver""","""TonRAT""","""""","""100""","""True""","""None""","""None""","""1"""
"2026-10-09 07:23:17","""1958202""","""rh3et1zh.sawah.store""","""domain""","""payload_delivery""","""js.clearfake""","""None""","""ClearFake""","""""","""100""","""False""","""None""","""ClearFake","mac-0x76c7"
"2026-10-09 06:53:10","""1958193""","""woluqeny.workers.dev""","""domain""","""payload_delivery""","""php.shin_webshell""","""None""","""php.shin_webshell""","""""","""50""","""True""","""None""","""Cloudflare","GIF"
"2026-10-09 06:34:14","""1958189""","""dreamcastlegacy.cfd""","""domain""","""payload_delivery""","""win.satacom""","""CurlyGate","LegionLoader","RobotDropper""","""Satacom""","""""","""100""","""False""","""https://bazaar.abuse.ch/sample/a613c9f0e38973c956ea867fc81b823bc994355a90f2cf42d57a294fb1625b3a/"""
"2026-10-09 06:34:14","""1958190""","""segadreamcasthub.cfd""","""domain""","""payload_delivery""","""win.satacom""","""CurlyGate","LegionLoader","RobotDropper""","""Satacom""","""""","""100""","""False""","""https://bazaar.abuse.ch/sample/a613c9f0e38973c956ea867fc81b823bc994355a90f2cf42d57a294fb1625b3a/"""
"2026-10-09 06:34:14","""1958191""","""segagamingnexus.cfd""","""domain""","""payload_delivery""","""win.satacom""","""CurlyGate","LegionLoader","RobotDropper""","""Satacom""","""""","""100""","""False""","""https://bazaar.abuse.ch/sample/a613c9f0e38973c956ea867fc81b823bc994355a90f2cf42d57a294fb1625b3a/"""
"2026-10-09 06:34:14","""1958192""","""segaretrocorner.cfd""","""domain""","""payload_delivery""","""win.satacom""","""CurlyGate","LegionLoader","RobotDropper""","""Satacom""","""""","""100""","""False""","""https://bazaar.abuse.ch/sample/a613c9f0e38973c956ea867fc81b823bc994355a90f2cf42d57a294fb1625b3a/"""
"2026-10-09 06:16:17","""1958185""","""status.fernhollow.cc""","""domain""","""botnet_cc""","""win.acr_stealer""","""None""","""ACR Stealer""","""""","""100""","""False""","""""","""ClearFake""","""0"""
"2026-10-09 06:04:54","""1957921""","""ikovrsps.com""","""domain""","""payload_delivery""","""unknown_loader""","""None""","""Unknown Loader""","""""","""100""","""False""","""""","""runelure""","""0"""
"2026-10-09 06:04:49","""1958097""","""stellaspicy.org""","""domain""","""payload_delivery""","""unknown_stealer""","""None""","""Unknown Stealer""","""""","""100""","""False""","""""","""None""","""0"""
"2026-10-09 06:04:41","""1958174""","""ski.blacklabelfremont.com""","""domain""","""botnet_cc""","""js.clearfake""","""None""","""ClearFake""","""""","""100""","""False""","""None""","""ClearFake","ClickFix"
"2026-10-09 06:04:39","""1958179""","""v6pggtfljylf5cekfssrdhcyaxsk6m5xoudrqnvskw73iueyvaexsnad.onion""","""domain""","""botnet_cc""","""unknown""","""None""","""Unknown malware""","""""","""100""","""False""","""https://github.com/TheRavenFile/Daily-Hunt/blob/main/Embargo%20Ransomware""","""embargo","ransomware"""
"2026-10-09 05:49:15","""1958178""","""habysilo.workers.dev""","""domain""","""payload_delivery""","""php.shin_webshell""","""None""","""php.shin_webshell""","""""","""50""","""True""","""None""","""Cloudflare","GIF"
"2026-10-09 05:42:30","""1958177""","""mariquillalime.workers.dev""","""domain""","""payload_delivery""","""php.shin_webshell""","""None""","""php.shin_webshell""","""""","""50""","""True""","""None""","""Cloudflare","GIF"
"2026-10-09 05:37:32","""1958173""","""ski.blacklabelfremont.com""","""domain""","""payload_delivery""","""js.iclickfix""","""None""","""IClickFix""","""""","""100""","""False""","""None""","""ClickFix""","""0"""
"2026-10-09 05:19:31","""1958169""","""bu6l986k.rihan.store""","""domain""","""payload_delivery""","""js.clearfake""","""None""","""ClearFake""","""""","""100""","""False""","""None""","""ClearFake","mac-0x0f14"
"2026-10-09 04:47:31","""1958168""","""rexifo.workers.dev""","""domain""","""payload_delivery""","""php.shin_webshell""","""None""","""php.shin_webshell""","""""","""50""","""True""","""None""","""Cloudflare","GIF"
"2026-10-09 04:30:48","""1958158""","""nr.3toto.com""","""domain""","""botnet_cc""","""win.vidar""","""None""","""Vidar""","""""","""100""","""True""","""None""","""vidar""","""0"""
"2026-10-09 04:30:48","""1958160""","""nr.333vip.org""","""domain""","""botnet_cc""","""win.vidar""","""None""","""Vidar""","""""","""100""","""True""","""None""","""vidar""","""0"""
"2026-10-09 04:28:51","""1958157""","""134.116.205.35.bc.googleusercontent.com""","""domain""","""payload_delivery""","""php.shin_webshell""","""None""","""php.shin_webshell""","""""","""50""","""True""","""None""","""GIF","PHP"
"2026-10-09 03:50:46","""1958144""","""host-89-241-13-228.as13285.net""","""domain""","""payload_delivery""","""php.shin_webshell""","""None""","""php.shin_webshell""","""""","""50""","""True""","""None""","""GIF","PHP"
"2026-10-09 03:33:02","""1958141""","""lajuteco.workers.dev""","""domain""","""payload_delivery""","""php.shin_webshell""","""None""","""php.shin_webshell""","""""","""50""","""True""","""None""","""Cloudflare","GIF"
"2026-10-09 03:25:38","""1958137""","""lemyvi.workers.dev""","""domain""","""payload_delivery""","""php.shin_webshell""","""None""","""php.shin_webshell""","""""","""50""","""True""","""None""","""Cloudflare","GIF"
"2026-10-09 02:47:12","""1958132""","""helianthus.ch""","""domain""","""payload_delivery""","""js.clearfake""","""None""","""ClearFake""","""""","""90""","""True""","""None""","""compromised","EtherHide"""
"2026-10-09 02:46:21","""1958131""","""rajylazu.workers.dev""","""domain""","""payload_delivery""","""php.shin_webshell""","""None""","""php.shin_webshell""","""""","""50""","""True""","""None""","""Cloudflare","GIF"
"2026-10-09 02:18:57","""1958128""","""ehvrou8y.sarmo.store""","""domain""","""payload_delivery""","""js.clearfake""","""None""","""ClearFake""","""""","""100""","""False""","""None""","""ClearFake","mac-0x76c7"
"2026-10-09 01:41:54","""1958110""","""sanamuqe.workers.dev""","""domain""","""payload_delivery""","""php.shin_webshell""","""None""","""php.shin_webshell""","""""","""50""","""True""","""None""","""Cloudflare","GIF"
"2026-10-09 01:06:20","""1958108""","""bbuxtc93.osan.store""","""domain""","""payload_delivery""","""js.clearfake""","""None""","""ClearFake""","""""","""100""","""False""","""None""","""ClearFake","mac-0x0f14"
"2026-10-09 00:54:14","""1958103""","""emcvq31477.workers.dev""","""domain""","""payload_delivery""","""php.shin_webshell""","""None""","""php.shin_webshell""","""""","""50""","""True""","""None""","""Cloudflare","GIF"
"2026-10-09 00:50:58","""1958102""","""livto.store""","""domain""","""payload_delivery""","""js.clearfake""","""None""","""ClearFake""","""""","""100""","""False""","""None""","""ClearFake""","""0"""
"2026-10-09 00:40:13","""1958101""","""google-proxy-192-178-15-5.google.com""","""domain""","""payload_delivery""","""php.shin_webshell""","""None""","""php.shin_webshell""","""""","""50""","""True""","""None""","""GIF","PHP"
"2026-10-08 23:56:17","""1958030""","""google-proxy-66-249-88-199.google.com""","""domain""","""payload_delivery""","""php.shin_webshell""","""None""","""php.shin_webshell""","""""","""50""","""True""","""None""","""GIF","PHP"
"2026-10-08 23:47:08","""1958029""","""mldkv26213.workers.dev""","""domain""","""payload_delivery""","""php.shin_webshell""","""None""","""php.shin_webshell""","""""","""50""","""True""","""None""","""Cloudflare","GIF"
"2026-10-08 23:41:43","""1958027""","""kofonidi.workers.dev""","""domain""","""payload_delivery""","""php.shin_webshell""","""None""","""php.shin_webshell""","""""","""50""","""True""","""None""","""Cloudflare","GIF"
"2026-10-08 23:35:05","""1958026""","""google-proxy-192-178-15-9.google.com""","""domain""","""payload_delivery""","""php.shin_webshell""","""None""","""php.shin_webshell""","""""","""50""","""True""","""None""","""GIF","PHP"
"2026-10-08 23:01:19","""1958023""","""qokomuqi.workers.dev""","""domain""","""payload_delivery""","""php.shin_webshell""","""None""","""php.shin_webshell""","""""","""50""","""True""","""None""","""Cloudflare","GIF"
"2026-10-08 23:00:34","""1958022""","""ec2-16-146-96-209.us-west-2.compute.amazonaws.com""","""domain""","""payload_delivery""","""php.shin_webshell""","""None""","""php.shin_webshell""","""""","""50""","""True""","""None""","""GIF","PHP"
"2026-10-08 23:00:29","""1958021""","""ec2-44-242-253-11.us-west-2.compute.amazonaws.com""","""domain""","""payload_delivery""","""php.shin_webshell""","""None""","""php.shin_webshell""","""""","""50""","""True""","""None""","""GIF","PHP"
"2026-10-08 23:00:19","""1958020""","""ec2-54-69-124-190.us-west-2.compute.amazonaws.com""","""domain""","""payload_delivery""","""php.shin_webshell""","""None""","""php.shin_webshell""","""""","""50""","""True""","""None""","""GIF","PHP"
"2026-10-08 23:00:09","""1958019""","""ec2-184-33-142-175.us-west-2.compute.amazonaws.com""","""domain""","""payload_delivery""","""php.shin_webshell""","""None""","""php.shin_webshell""","""""","""50""","""True""","""None""","""GIF","PHP"
"2026-10-08 22:59:58","""1958018""","""ec2-44-248-186-42.us-west-2.compute.amazonaws.com""","""domain""","""payload_delivery""","""php.shin_webshell""","""None""","""php.shin_webshell""","""""","""50""","""True""","""None""","""GIF","PHP"
"2026-10-08 22:59:48","""1958017""","""ec2-16-147-31-138.us-west-2.compute.amazonaws.com""","""domain""","""payload_delivery""","""php.shin_webshell""","""None""","""php.shin_webshell""","""""","""50""","""True""","""None""","""GIF","PHP"
"2026-10-08 22:53:33","""1958014""","""lezo.store""","""domain""","""payload_delivery""","""js.clearfake""","""None""","""ClearFake""","""""","""100""","""False""","""None""","""ClearFake""","""0"""
"2026-10-08 21:59:24","""1958010""","""mahoomahtab.ir""","""domain""","""payload_delivery""","""unknown""","""None""","""Unknown malware""","""2026-10-09 00:55:12""","""90""","""True""","""None""","""ClickFix","compromised"""
"2026-10-08 21:55:08","""1958006""","""goseryvy.workers.dev""","""domain""","""payload_delivery""","""php.shin_webshell""","""None""","""php.shin_webshell""","""""","""50""","""True""","""None""","""Cloudflare","GIF"
"2026-10-08 21:48:18","""1958004""","""lepope.workers.dev""","""domain""","""payload_delivery""","""php.shin_webshell""","""None""","""php.shin_webshell""","""""","""50""","""True""","""None""","""Cloudflare","GIF"
"2026-10-08 21:43:04","""1958003""","""64.78.233.35.bc.googleusercontent.com""","""domain""","""payload_delivery""","""php.shin_webshell""","""None""","""php.shin_webshell""","""""","""50""","""True""","""None""","""GIF","PHP"
"2026-10-08 21:17:29","""1957993""","""verifiedbmsells.com""","""domain""","""payload_delivery""","""js.iclickfix""","""None""","""IClickFix""","""2026-10-09 16:19:46""","""100""","""True""","""""","""ClickFix","HwFingerprint"""
"2026-10-08 21:17:29","""1957994""","""wealthywealth.co.za""","""domain""","""payload_delivery""","""js.iclickfix""","""None""","""IClickFix""","""2026-10-09 16:19:46""","""100""","""True""","""""","""ClickFix","HwFingerprint"""
"2026-10-08 21:17:29","""1957995""","""www.heritagemusical.com""","""domain""","""payload_delivery""","""js.iclickfix""","""None""","""IClickFix""","""2026-10-09 16:19:46""","""100""","""True""","""""","""ClickFix","HwFingerprint"""
"2026-10-08 21:17:29","""1957996""","""www.smartlivingstyle.cat""","""domain""","""payload_delivery""","""js.iclickfix""","""None""","""IClickFix""","""2026-10-09 16:19:46""","""100""","""True""","""""","""ClickFix","HwFingerprint"""
"2026-10-08 21:17:28","""1957988""","""fernandeseneri.adv.br""","""domain""","""payload_delivery""","""js.iclickfix""","""None""","""IClickFix""","""2026-10-09 16:19:44""","""100""","""True""","""""","""ClickFix","HwFingerprint"""
"2026-10-08 21:17:28","""1957989""","""industriafortefibra.com.br""","""domain""","""payload_delivery""","""js.iclickfix""","""None""","""IClickFix""","""""","""100""","""True""","""""","""ClickFix","HwFingerprint"""
"2026-10-08 21:17:28","""1957990""","""narowalgymkhana.com""","""domain""","""payload_delivery""","""js.iclickfix""","""None""","""IClickFix""","""2026-10-09 16:19:45""","""100""","""True""","""""","""ClickFix","HwFingerprint"""
"2026-10-08 21:17:28","""1957991""","""productpalace.pk""","""domain""","""payload_delivery""","""js.iclickfix""","""None""","""IClickFix""","""2026-10-09 16:19:45""","""100""","""True""","""""","""ClickFix","HwFingerprint"""
"2026-10-08 21:17:28","""1957992""","""tesafco.ir""","""domain""","""payload_delivery""","""js.iclickfix""","""None""","""IClickFix""","""2026-10-09 16:19:46""","""100""","""True""","""""","""ClickFix","HwFingerprint"""
"2026-10-08 21:17:27","""1957986""","""austin-zhao.com""","""domain""","""payload_delivery""","""js.iclickfix""","""None""","""IClickFix""","""2026-10-09 16:19:44""","""100""","""True""","""""","""ClickFix","HwFingerprint"""
"2026-10-08 21:17:27","""1957987""","""clickfix.jordiserrano.me""","""domain""","""payload_delivery""","""js.iclickfix""","""None""","""IClickFix""","""2026-10-09 16:19:44""","""100""","""True""","""""","""ClickFix","HwFingerprint"""
"2026-10-08 21:10:48","""1957983""","""ik.3toto.com""","""domain""","""botnet_cc""","""win.vidar""","""None""","""Vidar""","""""","""100""","""True""","""None""","""vidar""","""0"""
"2026-10-08 21:10:29","""1957982""","""oi41pfmg.saok.store""","""domain""","""payload_delivery""","""js.clearfake""","""None""","""ClearFake""","""""","""100""","""False""","""None""","""ClearFake","mac-0x76c7"
"2026-10-08 21:09:38","""1957981""","""elset4.workers.dev""","""domain""","""payload_delivery""","""php.shin_webshell""","""None""","""php.shin_webshell""","""""","""50""","""True""","""None""","""Cloudflare","GIF"
"2026-10-08 21:05:48","""1957979""","""ik.333vip.org""","""domain""","""botnet_cc""","""win.vidar""","""None""","""Vidar""","""""","""100""","""True""","""None""","""vidar""","""0"""
"2026-10-08 21:05:01","""1957977""","""9x1od7j1.musux.store""","""domain""","""payload_delivery""","""js.clearfake""","""None""","""ClearFake""","""""","""100""","""False""","""None""","""ClearFake","mac-0x0f14"
"2026-10-08 21:00:08","""1957975""","""script-six-tawny.vercel.app""","""domain""","""payload_delivery""","""js.iclickfix""","""None""","""IClickFix""","""""","""100""","""False""","""None""","""ClickFix""","""0"""
"2026-10-08 20:50:57","""1957969""","""lasal.store""","""domain""","""payload_delivery""","""js.clearfake""","""None""","""ClearFake""","""""","""100""","""False""","""None""","""ClearFake""","""0"""
"2026-10-08 20:34:37","""1957967""","""msnbot-40-77-167-67.search.msn.com""","""domain""","""payload_delivery""","""php.shin_webshell""","""None""","""php.shin_webshell""","""""","""50""","""True""","""None""","""Cloudflare","GIF"
"2026-10-08 20:34:30","""1957966""","""google-proxy-66-249-88-197.google.com""","""domain""","""payload_delivery""","""php.shin_webshell""","""None""","""php.shin_webshell""","""""","""50""","""True""","""None""","""Cloudflare","GIF"
"2026-10-08 20:34:09","""1957965""","""google-proxy-66-249-84-224.google.com""","""domain""","""payload_delivery""","""php.shin_webshell""","""None""","""php.shin_webshell""","""""","""50""","""True""","""None""","""Cloudflare","GIF"
"2026-10-08 20:34:04","""1957964""","""google-proxy-66-249-84-229.google.com""","""domain""","""payload_delivery""","""php.shin_webshell""","""None""","""php.shin_webshell""","""""","""50""","""True""","""None""","""Cloudflare","GIF"
"2026-10-08 20:33:59","""1957963""","""google-proxy-66-249-88-196.google.com""","""domain""","""payload_delivery""","""php.shin_webshell""","""None""","""php.shin_webshell""","""""","""50""","""True""","""None""","""Cloudflare","GIF"
"2026-10-08 20:33:52","""1957962""","""193.255.232.35.bc.googleusercontent.com""","""domain""","""payload_delivery""","""php.shin_webshell""","""None""","""php.shin_webshell""","""""","""50""","""True""","""None""","""Cloudflare","GIF"
"2026-10-08 20:27:23","""1957961""","""google-proxy-66-249-88-195.google.com""","""domain""","""payload_delivery""","""php.shin_webshell""","""None""","""php.shin_webshell""","""""","""50""","""True""","""None""","""Cloudflare","GIF"
"2026-10-08 20:26:41","""1957960""","""85.233.229.8.bc.googleusercontent.com""","""domain""","""payload_delivery""","""php.shin_webshell""","""None""","""php.shin_webshell""","""""","""50""","""True""","""None""","""Cloudflare","GIF"
"2026-10-08 20:26:30","""1957959""","""rate-limited-proxy-72-14-199-163.google.com""","""domain""","""payload_delivery""","""php.shin_webshell""","""None""","""php.shin_webshell""","""""","""50""","""True""","""None""","""Cloudflare","GIF"
"2026-10-08 20:24:30","""1957958""","""google-proxy-192-178-15-8.google.com""","""domain""","""payload_delivery""","""php.shin_webshell""","""None""","""php.shin_webshell""","""""","""50""","""True""","""None""","""Cloudflare","GIF"
"2026-10-08 20:23:36","""1957957""","""google-proxy-74-125-212-69.google.com""","""domain""","""payload_delivery""","""php.shin_webshell""","""None""","""php.shin_webshell""","""""","""50""","""True""","""None""","""Cloudflare","GIF"
"2026-10-08 20:21:42","""1957956""","""msnbot-40-77-167-123.search.msn.com""","""domain""","""payload_delivery""","""php.shin_webshell""","""None""","""php.shin_webshell""","""""","""50""","""True""","""None""","""Cloudflare","GIF"
"2026-10-08 20:21:29","""1957955""","""ukouu42212.workers.dev""","""domain""","""payload_delivery""","""php.shin_webshell""","""None""","""php.shin_webshell""","""""","""50""","""True""","""None""","""Cloudflare","GIF"
"2026-10-08 20:21:12","""1957954""","""ec2-18-220-246-163.us-east-2.compute.amazonaws.com""","""domain""","""payload_delivery""","""php.shin_webshell""","""None""","""php.shin_webshell""","""""","""50""","""True""","""None""","""Cloudflare","GIF"
"2026-10-08 20:20:38","""1957953""","""gkuwo76378.workers.dev""","""domain""","""payload_delivery""","""php.shin_webshell""","""None""","""php.shin_webshell""","""""","""50""","""True""","""None""","""Cloudflare","GIF"
"2026-10-08 20:20:31","""1957952""","""kvjmm72764.workers.dev""","""domain""","""payload_delivery""","""php.shin_webshell""","""None""","""php.shin_webshell""","""""","""50""","""True""","""None""","""Cloudflare","GIF"
"2026-10-08 20:19:52","""1957951""","""google-proxy-192-178-15-6.google.com""","""domain""","""payload_delivery""","""php.shin_webshell""","""None""","""php.shin_webshell""","""""","""50""","""True""","""None""","""Cloudflare","GIF"
"2026-10-08 20:19:48","""1957950""","""google-proxy-192-178-15-7.google.com""","""domain""","""payload_delivery""","""php.shin_webshell""","""None""","""php.shin_webshell""","""""","""50""","""True""","""None""","""Cloudflare","GIF"
"2026-10-08 20:19:35","""1957949""","""delaka.workers.dev""","""domain""","""payload_delivery""","""php.shin_webshell""","""None""","""php.shin_webshell""","""""","""50""","""True""","""None""","""Cloudflare","GIF"
"2026-10-08 20:18:30","""1957948""","""fylaxesi.workers.dev""","""domain""","""payload_delivery""","""php.shin_webshell""","""None""","""php.shin_webshell""","""""","""50""","""True""","""None""","""Cloudflare","GIF"
"2026-10-08 20:18:25","""1957947""","""pozalexy.workers.dev""","""domain""","""payload_delivery""","""php.shin_webshell""","""None""","""php.shin_webshell""","""""","""50""","""True""","""None""","""Cloudflare","GIF"
"2026-10-08 20:17:32","""1957946""","""5rz2fsgv9o.workers.dev""","""domain""","""payload_delivery""","""php.shin_webshell""","""None""","""php.shin_webshell""","""""","""50""","""True""","""None""","""Cloudflare","GIF"
"2026-10-08 20:17:27","""1957945""","""pypoxala.workers.dev""","""domain""","""payload_delivery""","""php.shin_webshell""","""None""","""php.shin_webshell""","""""","""50""","""True""","""None""","""Cloudflare","GIF"
"2026-10-08 20:17:20","""1957944""","""mrwxog9wri.workers.dev""","""domain""","""payload_delivery""","""php.shin_webshell""","""None""","""php.shin_webshell""","""""","""50""","""True""","""None""","""Cloudflare","GIF"
"2026-10-08 20:16:50","""1957943""","""wijabozo.workers.dev""","""domain""","""payload_delivery""","""php.shin_webshell""","""None""","""php.shin_webshell""","""""","""50""","""True""","""None""","""Cloudflare","GIF"
"2026-10-08 20:16:45","""1957942""","""jqzfa37850.workers.dev""","""domain""","""payload_delivery""","""php.shin_webshell""","""None""","""php.shin_webshell""","""""","""50""","""True""","""None""","""Cloudflare","GIF"
"2026-10-08 20:16:40","""1957941""","""boziqucu.workers.dev""","""domain""","""payload_delivery""","""php.shin_webshell""","""None""","""php.shin_webshell""","""""","""50""","""True""","""None""","""Cloudflare","GIF"
"2026-10-08 20:16:35","""1957940""","""lucanuhu.workers.dev""","""domain""","""payload_delivery""","""php.shin_webshell""","""None""","""php.shin_webshell""","""""","""50""","""True""","""None""","""Cloudflare","GIF"
"2026-10-08 20:16:31","""1957939""","""jekai57386.workers.dev""","""domain""","""payload_delivery""","""php.shin_webshell""","""None""","""php.shin_webshell""","""""","""50""","""True""","""None""","""Cloudflare","GIF"
"2026-10-08 20:16:20","""1957938""","""zulucuhy.workers.dev""","""domain""","""payload_delivery""","""php.shin_webshell""","""None""","""php.shin_webshell""","""""","""50""","""True""","""None""","""Cloudflare","GIF"
"2026-10-08 20:16:01","""1957937""","""cqvsy7voq9.workers.dev""","""domain""","""payload_delivery""","""php.shin_webshell""","""None""","""php.shin_webshell""","""""","""50""","""True""","""None""","""Cloudflare","GIF"
"2026-10-08 20:15:24","""1957936""","""qeejm91148.workers.dev""","""domain""","""payload_delivery""","""php.shin_webshell""","""None""","""php.shin_webshell""","""""","""50""","""True""","""None""","""Cloudflare","GIF"
"2026-10-08 20:15:07","""1957935""","""pywixesu.workers.dev""","""domain""","""payload_delivery""","""php.shin_webshell""","""None""","""php.shin_webshell""","""""","""50""","""True""","""None""","""Cloudflare","GIF"
"2026-10-08 20:15:03","""1957934""","""kohihu.workers.dev""","""domain""","""payload_delivery""","""php.shin_webshell""","""None""","""php.shin_webshell""","""""","""50""","""True""","""None""","""Cloudflare","GIF"
"2026-10-08 20:14:28","""1957933""","""cekavyzi.workers.dev""","""domain""","""payload_delivery""","""php.shin_webshell""","""None""","""php.shin_webshell""","""""","""50""","""True""","""None""","""Cloudflare","GIF"
"2026-10-08 20:14:21","""1957932""","""visuqopo.workers.dev""","""domain""","""payload_delivery""","""php.shin_webshell""","""None""","""php.shin_webshell""","""""","""50""","""True""","""None""","""Cloudflare","GIF"
"2026-10-08 20:14:16","""1957931""","""ec2-35-79-220-88.ap-northeast-1.compute.amazonaws.com""","""domain""","""payload_delivery""","""php.shin_webshell""","""None""","""php.shin_webshell""","""""","""50""","""True""","""None""","""Cloudflare","GIF"
"2026-10-08 20:13:54","""1957930""","""midety.workers.dev""","""domain""","""payload_delivery""","""php.shin_webshell""","""None""","""php.shin_webshell""","""""","""50""","""True""","""None""","""Cloudflare","GIF"
"2026-10-08 20:13:41","""1957929""","""puwutawi.workers.dev""","""domain""","""payload_delivery""","""php.shin_webshell""","""None""","""php.shin_webshell""","""""","""50""","""True""","""None""","""Cloudflare","GIF"
"2026-10-08 20:13:37","""1957928""","""ronalda2.workers.dev""","""domain""","""payload_delivery""","""php.shin_webshell""","""None""","""php.shin_webshell""","""""","""50""","""True""","""None""","""Cloudflare","GIF"
"2026-10-08 20:13:32","""1957927""","""rizygu.workers.dev""","""domain""","""payload_delivery""","""php.shin_webshell""","""None""","""php.shin_webshell""","""""","""50""","""True""","""None""","""Cloudflare","GIF"
"2026-10-08 20:13:27","""1957926""","""synuvyfa.workers.dev""","""domain""","""payload_delivery""","""php.shin_webshell""","""None""","""php.shin_webshell""","""""","""50""","""True""","""None""","""Cloudflare","GIF"
"2026-10-08 20:13:22","""1957925""","""google-proxy-74-125-213-44.google.com""","""domain""","""payload_delivery""","""php.shin_webshell""","""None""","""php.shin_webshell""","""""","""50""","""True""","""None""","""Cloudflare","GIF"
"2026-10-08 20:13:07","""1957924""","""44.113.38.34.bc.googleusercontent.com""","""domain""","""payload_delivery""","""php.shin_webshell""","""None""","""php.shin_webshell""","""""","""50""","""True""","""None""","""Cloudflare","GIF"
"2026-10-08 20:12:56","""1957923""","""rate-limited-proxy-72-14-199-162.google.com""","""domain""","""payload_delivery""","""php.shin_webshell""","""None""","""php.shin_webshell""","""""","""50""","""True""","""None""","""Cloudflare","GIF"
"2026-10-08 20:12:51","""1957922""","""qzgaa33186.workers.dev""","""domain""","""payload_delivery""","""php.shin_webshell""","""None""","""php.shin_webshell""","""""","""50""","""True""","""None""","""Cloudflare","GIF"
"2026-10-08 20:12:33","""1957920""","""cylobidi.workers.dev""","""domain""","""payload_delivery""","""php.shin_webshell""","""None""","""php.shin_webshell""","""""","""50""","""True""","""None""","""Cloudflare","GIF"
"2026-10-08 20:12:28","""1957919""","""aj4es70jgv.workers.dev""","""domain""","""payload_delivery""","""php.shin_webshell""","""None""","""php.shin_webshell""","""""","""50""","""True""","""None""","""Cloudflare","GIF"
"2026-10-08 20:11:57","""1957918""","""google-proxy-74-125-213-34.google.com""","""domain""","""payload_delivery""","""php.shin_webshell""","""None""","""php.shin_webshell""","""""","""50""","""True""","""None""","""Cloudflare","GIF"
"2026-10-08 20:11:41","""1957917""","""torpa68821.workers.dev""","""domain""","""payload_delivery""","""php.shin_webshell""","""None""","""php.shin_webshell""","""""","""50""","""True""","""None""","""Cloudflare","GIF"
"2026-10-08 20:11:16","""1957916""","""95.245.234.35.bc.googleusercontent.com""","""domain""","""payload_delivery""","""php.shin_webshell""","""None""","""php.shin_webshell""","""""","""50""","""True""","""None""","""Cloudflare","GIF"
"2026-10-08 20:11:05","""1957915""","""dumumeje.workers.dev""","""domain""","""payload_delivery""","""php.shin_webshell""","""None""","""php.shin_webshell""","""""","""50""","""True""","""None""","""Cloudflare","GIF"
"2026-10-08 20:08:38","""1957913""","""bba-92-98-228-250.alshamil.net.ae""","""domain""","""payload_delivery""","""php.shin_webshell""","""None""","""php.shin_webshell""","""""","""50""","""True""","""None""","""Cloudflare","GIF"
"2026-10-08 20:08:09","""1957912""","""lfbn-rou-1-11-245.w90-70.abo.wanadoo.fr""","""domain""","""payload_delivery""","""php.shin_webshell""","""None""","""php.shin_webshell""","""""","""50""","""True""","""None""","""Cloudflare","GIF"
"2026-10-08 20:08:01","""1957911""","""c-73-188-120-26.hsd1.pa.comcast.net""","""domain""","""payload_delivery""","""php.shin_webshell""","""None""","""php.shin_webshell""","""""","""50""","""True""","""None""","""Cloudflare","GIF"
"2026-10-08 19:24:17","""1957870""","""fri-dod-01.cfd""","""domain""","""payload_delivery""","""js.iclickfix""","""None""","""IClickFix""","""""","""100""","""False""","""None""","""ClickFix""","""0"""
"2026-10-08 19:04:50","""1957845""","""demogortexpro.cc""","""domain""","""payload_delivery""","""unknown""","""None""","""Unknown malware""","""""","""90""","""False""","""None""","""ZigClipper""","""1"""
"2026-10-08 18:49:26","""1957843""","""lacek.store""","""domain""","""payload_delivery""","""js.clearfake""","""None""","""ClearFake""","""""","""100""","""False""","""None""","""ClearFake""","""0"""
"2026-10-08 18:27:08","""1957840""","""keca.store""","""domain""","""payload_delivery""","""js.clearfake""","""None""","""ClearFake""","""""","""100""","""False""","""None""","""ClearFake""","""0"""
"2026-10-08 18:10:44","""1957834""","""coppertrack.cfd""","""domain""","""botnet_cc""","""unknown_loader""","""None""","""Unknown Loader""","""""","""100""","""False""","""""","""OffLoader""","""0"""
"2026-10-08 18:04:37","""1957832""","""fluszoif.sulaf.store""","""domain""","""payload_delivery""","""js.clearfake""","""None""","""ClearFake""","""""","""100""","""False""","""None""","""ClearFake","mac-0xdcf2"
"2026-10-08 18:01:12","""1957831""","""main-salesforce.com""","""domain""","""payload_delivery""","""js.clearfake""","""None""","""ClearFake""","""""","""90""","""True""","""None""","""compromised","EtherHide"""
"2026-10-08 18:01:11","""1957830""","""www.usa-salesforce.com""","""domain""","""payload_delivery""","""js.clearfake""","""None""","""ClearFake""","""""","""90""","""True""","""None""","""compromised","EtherHide"""
"2026-10-08 17:58:23","""1957643""","""fast-api.thelist2win.org""","""domain""","""botnet_cc""","""js.fakeupdates""","""FakeUpdate","GhoLoader","SocGholish""","""FAKEUPDATES""","""""","""100""","""False""","""https://infosec.exchange/@monitorsg/117406389908017971"""
"2026-10-08 17:58:22","""1957642""","""haergreve.lol""","""domain""","""payload_delivery""","""js.kongtuke""","""TAG-124","js.LandUpdate808""","""KongTuke""","""2026-10-09 15:12:49""","""100""","""False""","""None""","""KongTuke"""
"2026-10-08 17:21:33","""1957825""","""zuma789-z.com""","""domain""","""payload_delivery""","""unknown_loader""","""None""","""Unknown Loader""","""2026-10-08 20:52:53""","""75""","""True""","""""","""etherhiding","sepolia"""
"2026-10-08 17:21:33","""1957826""","""zypupmp.xyz""","""domain""","""payload_delivery""","""unknown_loader""","""None""","""Unknown Loader""","""2026-10-08 20:52:53""","""75""","""True""","""""","""etherhiding","sepolia"""
"2026-10-08 17:21:32","""1957796""","""stthomasselfstorage.com""","""domain""","""payload_delivery""","""unknown_loader""","""None""","""Unknown Loader""","""2026-10-08 20:12:41""","""75""","""True""","""""","""etherhiding","sepolia"""
"2026-10-08 17:21:32","""1957797""","""sunshineswasth.com""","""domain""","""payload_delivery""","""unknown_loader""","""None""","""Unknown Loader""","""2026-10-08 20:32:49""","""75""","""True""","""""","""etherhiding","sepolia"""
"2026-10-08 17:21:32","""1957798""","""tepliceapartman.cz""","""domain""","""payload_delivery""","""unknown_loader""","""None""","""Unknown Loader""","""2026-10-08 20:12:42""","""75""","""True""","""""","""etherhiding","sepolia"""
"2026-10-08 17:21:32","""1957799""","""testnovin9.ir""","""domain""","""payload_delivery""","""unknown_loader""","""None""","""Unknown Loader""","""2026-10-08 20:22:43""","""75""","""True""","""""","""etherhiding","sepolia"""
"2026-10-08 17:21:32","""1957800""","""theonenightstand.shop""","""domain""","""payload_delivery""","""unknown_loader""","""None""","""Unknown Loader""","""2026-10-08 20:12:39""","""75""","""True""","""""","""etherhiding","sepolia"""
"2026-10-08 17:21:32","""1957801""","""thiennguyencobonla.com""","""domain""","""payload_delivery""","""unknown_loader""","""None""","""Unknown Loader""","""2026-10-08 20:22:45""","""75""","""True""","""""","""etherhiding","sepolia"""
"2026-10-08 17:21:32","""1957802""","""toobusy2clean.com""","""domain""","""payload_delivery""","""unknown_loader""","""None""","""Unknown Loader""","""2026-10-08 20:12:38""","""75""","""True""","""""","""etherhiding","sepolia"""
"2026-10-08 17:21:32","""1957803""","""tosee-laser.com""","""domain""","""payload_delivery""","""unknown_loader""","""None""","""Unknown Loader""","""2026-10-08 20:22:46""","""75""","""True""","""""","""etherhiding","sepolia"""
"2026-10-08 17:21:32","""1957804""","""trail-and-tour.com""","""domain""","""payload_delivery""","""unknown_loader""","""None""","""Unknown Loader""","""2026-10-08 20:12:40""","""75""","""True""","""""","""etherhiding","sepolia"""
"2026-10-08 17:21:32","""1957805""","""tuurintupa.fi""","""domain""","""payload_delivery""","""unknown_loader""","""None""","""Unknown Loader""","""2026-10-08 20:12:40""","""75""","""True""","""""","""etherhiding","sepolia"""
"2026-10-08 17:21:32","""1957806""","""twiincandle.com""","""domain""","""payload_delivery""","""unknown_loader""","""None""","""Unknown Loader""","""2026-10-08 20:32:49""","""75""","""True""","""""","""etherhiding","sepolia"""
"2026-10-08 17:21:32","""1957807""","""ullna.com""","""domain""","""payload_delivery""","""unknown_loader""","""None""","""Unknown Loader""","""2026-10-08 20:22:44""","""75""","""True""","""""","""etherhiding","sepolia"""
"2026-10-08 17:21:32","""1957808""","""urputnej.com""","""domain""","""payload_delivery""","""unknown_loader""","""None""","""Unknown Loader""","""2026-10-08 20:12:41""","""75""","""True""","""""","""etherhiding","sepolia"""
"2026-10-08 17:21:32","""1957809""","""valepublicitando.com""","""domain""","""payload_delivery""","""unknown_loader""","""None""","""Unknown Loader""","""2026-10-08 20:12:41""","""75""","""True""","""""","""etherhiding","sepolia"""
"2026-10-08 17:21:32","""1957810""","""vasex.hu""","""domain""","""payload_delivery""","""unknown_loader""","""None""","""Unknown Loader""","""2026-10-08 20:22:44""","""75""","""True""","""""","""etherhiding","sepolia"""
"2026-10-08 17:21:32","""1957811""","""vetilicius.com""","""domain""","""payload_delivery""","""unknown_loader""","""None""","""Unknown Loader""","""2026-10-08 20:52:53""","""75""","""True""","""""","""etherhiding","sepolia"""
"2026-10-08 17:21:32","""1957812""","""vividstreaming.live""","""domain""","""payload_delivery""","""unknown_loader""","""None""","""Unknown Loader""","""2026-10-08 20:52:54""","""75""","""True""","""""","""etherhiding","sepolia"""
"2026-10-08 17:21:32","""1957813""","""voice-on-stage.de""","""domain""","""payload_delivery""","""unknown_loader""","""None""","""Unknown Loader""","""2026-10-08 20:52:53""","""75""","""True""","""""","""etherhiding","sepolia"""
"2026-10-08 17:21:32","""1957814""","""wartasentral.com""","""domain""","""payload_delivery""","""unknown_loader""","""None""","""Unknown Loader""","""2026-10-08 20:52:54""","""75""","""True""","""""","""etherhiding","sepolia"""
"2026-10-08 17:21:32","""1957815""","""whitepearldentalcare.com.au""","""domain""","""payload_delivery""","""unknown_loader""","""None""","""Unknown Loader""","""2026-10-08 20:52:55""","""75""","""True""","""""","""etherhiding","sepolia"""
"2026-10-08 17:21:32","""1957816""","""widemarsh.com""","""domain""","""payload_delivery""","""unknown_loader""","""None""","""Unknown Loader""","""2026-10-08 20:52:54""","""75""","""True""","""""","""etherhiding","sepolia"""
"2026-10-08 17:21:32","""1957817""","""wise-pool.eu""","""domain""","""payload_delivery""","""unknown_loader""","""None""","""Unknown Loader""","""2026-10-08 20:52:55""","""75""","""True""","""""","""etherhiding","sepolia"""
"2026-10-08 17:21:32","""1957818""","""wizwomen.se""","""domain""","""payload_delivery""","""unknown_loader""","""None""","""Unknown Loader""","""2026-10-08 20:52:54""","""75""","""True""","""""","""etherhiding","sepolia"""
"2026-10-08 17:21:32","""1957819""","""wjtirex.it""","""domain""","""payload_delivery""","""unknown_loader""","""None""","""Unknown Loader""","""2026-10-08 20:52:52""","""75""","""True""","""""","""etherhiding","sepolia"""
"2026-10-08 17:21:32","""1957820""","""wonderlandministorage.com""","""domain""","""payload_delivery""","""unknown_loader""","""None""","""Unknown Loader""","""2026-10-08 20:52:55""","""75""","""True""","""""","""etherhiding","sepolia"""
"2026-10-08 17:21:32","""1957821""","""xpert-drivers.com""","""domain""","""payload_delivery""","""unknown_loader""","""None""","""Unknown Loader""","""""","""75""","""True""","""""","""etherhiding","sepolia"""
"2026-10-08 17:21:32","""1957822""","""zeitraeume-nienburg.de""","""domain""","""payload_delivery""","""unknown_loader""","""None""","""Unknown Loader""","""2026-10-08 20:52:54""","""75""","""True""","""""","""etherhiding","sepolia"""
"2026-10-08 17:21:32","""1957823""","""zetnets.nl""","""domain""","""payload_delivery""","""unknown_loader""","""None""","""Unknown Loader""","""2026-10-08 20:52:55""","""75""","""True""","""""","""etherhiding","sepolia"""
"2026-10-08 17:21:32","""1957824""","""zfl-lernen.de""","""domain""","""payload_delivery""","""unknown_loader""","""None""","""Unknown Loader""","""2026-10-08 20:52:55""","""75""","""True""","""""","""etherhiding","sepolia"""
"2026-10-08 17:21:31","""1957767""","""preppers.nl""","""domain""","""payload_delivery""","""unknown_loader""","""None""","""Unknown Loader""","""""","""75""","""True""","""""","""etherhiding","sepolia"""
"2026-10-08 17:21:31","""1957768""","""prtimesafrica.com""","""domain""","""payload_delivery""","""unknown_loader""","""None""","""Unknown Loader""","""2026-10-08 20:22:46""","""75""","""True""","""""","""etherhiding","sepolia"""
"2026-10-08 17:21:31","""1957769""","""psanipodlelustiga.cz""","""domain""","""payload_delivery""","""unknown_loader""","""None""","""Unknown Loader""","""2026-10-08 20:32:48""","""75""","""True""","""""","""etherhiding","sepolia"""
"2026-10-08 17:21:31","""1957770""","""pssafety.net""","""domain""","""payload_delivery""","""unknown_loader""","""None""","""Unknown Loader""","""2026-10-08 20:22:45""","""75""","""True""","""""","""etherhiding","sepolia"""
"2026-10-08 17:21:31","""1957771""","""pulver-sandro.net""","""domain""","""payload_delivery""","""unknown_loader""","""None""","""Unknown Loader""","""2026-10-08 20:22:45""","""75""","""True""","""""","""etherhiding","sepolia"""
"2026-10-08 17:21:31","""1957772""","""radprofi.de""","""domain""","""payload_delivery""","""unknown_loader""","""None""","""Unknown Loader""","""2026-10-08 20:22:43""","""75""","""True""","""""","""etherhiding","sepolia"""
"2026-10-08 17:21:31","""1957773""","""raimond-scheirich.de""","""domain""","""payload_delivery""","""unknown_loader""","""None""","""Unknown Loader""","""2026-10-08 20:32:50""","""75""","""True""","""""","""etherhiding","sepolia"""
"2026-10-08 17:21:31","""1957774""","""reentryartsconnection.org""","""domain""","""payload_delivery""","""unknown_loader""","""None""","""Unknown Loader""","""2026-10-08 20:22:44""","""75""","""True""","""""","""etherhiding","sepolia"""
"2026-10-08 17:21:31","""1957775""","""remasa.com""","""domain""","""payload_delivery""","""unknown_loader""","""None""","""Unknown Loader""","""2026-10-08 20:22:45""","""75""","""True""","""""","""etherhiding","sepolia"""
"2026-10-08 17:21:31","""1957776""","""rik-meijer.com""","""domain""","""payload_delivery""","""unknown_loader""","""None""","""Unknown Loader""","""2026-10-08 20:12:38""","""75""","""True""","""""","""etherhiding","sepolia"""
"2026-10-08 17:21:31","""1957777""","""rmhbartels.net""","""domain""","""payload_delivery""","""unknown_loader""","""None""","""Unknown Loader""","""2026-10-08 20:22:44""","""75""","""True""","""""","""etherhiding","sepolia"""
"2026-10-08 17:21:31","""1957778""","""saetspa.it""","""domain""","""payload_delivery""","""unknown_loader""","""None""","""Unknown Loader""","""2026-10-08 20:12:39""","""75""","""True""","""""","""etherhiding","sepolia"""
"2026-10-08 17:21:31","""1957779""","""saintjeankerdaniel.com""","""domain""","""payload_delivery""","""unknown_loader""","""None""","""Unknown Loader""","""2026-10-08 20:12:38""","""75""","""True""","""""","""etherhiding","sepolia"""
"2026-10-08 17:21:31","""1957780""","""salonbeautifulinc.net""","""domain""","""payload_delivery""","""unknown_loader""","""None""","""Unknown Loader""","""2026-10-08 20:12:38""","""75""","""True""","""""","""etherhiding","sepolia"""
"2026-10-08 17:21:31","""1957781""","""sandrock-familie.de""","""domain""","""payload_delivery""","""unknown_loader""","""None""","""Unknown Loader""","""2026-10-08 20:12:40""","""75""","""True""","""""","""etherhiding","sepolia"""
"2026-10-08 17:21:31","""1957782""","""seainternationalcr.com""","""domain""","""payload_delivery""","""unknown_loader""","""None""","""Unknown Loader""","""2026-10-08 20:22:43""","""75""","""True""","""""","""etherhiding","sepolia"""
"2026-10-08 17:21:31","""1957783""","""sfinx.dk""","""domain""","""payload_delivery""","""unknown_loader""","""None""","""Unknown Loader""","""2026-10-08 20:12:40""","""75""","""True""","""""","""etherhiding","sepolia"""
"2026-10-08 17:21:31","""1957784""","""shadetreelearning.com""","""domain""","""payload_delivery""","""unknown_loader""","""None""","""Unknown Loader""","""2026-10-08 20:32:49""","""75""","""True""","""""","""etherhiding","sepolia"""
"2026-10-08 17:21:31","""1957785""","""shafajo.com""","""domain""","""payload_delivery""","""unknown_loader""","""None""","""Unknown Loader""","""2026-10-08 20:22:47""","""75""","""True""","""""","""etherhiding","sepolia"""
"2026-10-08 17:21:31","""1957786""","""shatranjico.com""","""domain""","""payload_delivery""","""unknown_loader""","""None""","""Unknown Loader""","""2026-10-08 20:32:49""","""75""","""True""","""""","""etherhiding","sepolia"""
"2026-10-08 17:21:31","""1957787""","""shidrealestate.com""","""domain""","""payload_delivery""","""unknown_loader""","""None""","""Unknown Loader""","""2026-10-08 20:22:47""","""75""","""True""","""""","""etherhiding","sepolia"""
"2026-10-08 17:21:31","""1957788""","""shop.nokill.fr""","""domain""","""payload_delivery""","""unknown_loader""","""None""","""Unknown Loader""","""2026-10-08 20:02:34""","""75""","""True""","""""","""etherhiding","sepolia"""
"2026-10-08 17:21:31","""1957789""","""skupujemyspolki.pl""","""domain""","""payload_delivery""","""unknown_loader""","""None""","""Unknown Loader""","""2026-10-08 20:22:44""","""75""","""True""","""""","""etherhiding","sepolia"""
"2026-10-08 17:21:31","""1957790""","""smkandcompany.com""","""domain""","""payload_delivery""","""unknown_loader""","""None""","""Unknown Loader""","""2026-10-08 20:12:39""","""75""","""True""","""""","""etherhiding","sepolia"""
"2026-10-08 17:21:31","""1957791""","""smkn2jember.sch.id""","""domain""","""payload_delivery""","""unknown_loader""","""None""","""Unknown Loader""","""""","""75""","""True""","""""","""etherhiding","sepolia"""
"2026-10-08 17:21:31","""1957792""","""sorko.pro""","""domain""","""payload_delivery""","""unknown_loader""","""None""","""Unknown Loader""","""2026-10-08 20:12:41""","""75""","""True""","""""","""etherhiding","sepolia"""
"2026-10-08 17:21:31","""1957793""","""spacewealth-design.site""","""domain""","""payload_delivery""","""unknown_loader""","""None""","""Unknown Loader""","""2026-10-08 20:12:40""","""75""","""True""","""""","""etherhiding","sepolia"""
"2026-10-08 17:21:31","""1957794""","""starkids.cz""","""domain""","""payload_delivery""","""unknown_loader""","""None""","""Unknown Loader""","""2026-10-08 20:22:46""","""75""","""True""","""""","""etherhiding","sepolia"""
"2026-10-08 17:21:31","""1957795""","""stbarnabaslittlelambs.org""","""domain""","""payload_delivery""","""unknown_loader""","""None""","""Unknown Loader""","""2026-10-08 20:22:47""","""75""","""True""","""""","""etherhiding","sepolia"""
"2026-10-08 17:21:30","""1957736""","""kreidezeitfenster.de""","""domain""","""payload_delivery""","""unknown_loader""","""None""","""Unknown Loader""","""2026-10-08 18:56:57""","""75""","""True""","""""","""etherhiding","sepolia"""
"2026-10-08 17:21:30","""1957737""","""latintub.com.ar""","""domain""","""payload_delivery""","""unknown_loader""","""None""","""Unknown Loader""","""""","""75""","""True""","""""","""etherhiding","sepolia"""
"2026-10-08 17:21:30","""1957738""","""leschampsparadis.fr""","""domain""","""payload_delivery""","""unknown_loader""","""None""","""Unknown Loader""","""2026-10-08 20:02:35""","""75""","""True""","""""","""etherhiding","sepolia"""
"2026-10-08 17:21:30","""1957739""","""liciaberry.com""","""domain""","""payload_delivery""","""unknown_loader""","""None""","""Unknown Loader""","""2026-10-08 19:37:06""","""75""","""True""","""""","""etherhiding","sepolia"""
"2026-10-08 17:21:30","""1957740""","""logisticsinside.nl""","""domain""","""payload_delivery""","""unknown_loader""","""None""","""Unknown Loader""","""2026-10-08 19:37:06""","""75""","""True""","""""","""etherhiding","sepolia"""
"2026-10-08 17:21:30","""1957741""","""lydneytownafcyouth.co.uk""","""domain""","""payload_delivery""","""unknown_loader""","""None""","""Unknown Loader""","""""","""75""","""True""","""""","""etherhiding","sepolia"""
"2026-10-08 17:21:30","""1957742""","""maison-cabrit.fr""","""domain""","""payload_delivery""","""unknown_loader""","""None""","""Unknown Loader""","""2026-10-08 20:02:36""","""75""","""True""","""""","""etherhiding","sepolia"""
"2026-10-08 17:21:30","""1957743""","""mamamachtpause.de""","""domain""","""payload_delivery""","""unknown_loader""","""None""","""Unknown Loader""","""2026-10-08 19:27:04""","""75""","""True""","""""","""etherhiding","sepolia"""
"2026-10-08 17:21:30","""1957744""","""martiaart.com""","""domain""","""payload_delivery""","""unknown_loader""","""None""","""Unknown Loader""","""2026-10-08 20:02:35""","""75""","""True""","""""","""etherhiding","sepolia"""
"2026-10-08 17:21:30","""1957745""","""mashhadkaver.com""","""domain""","""payload_delivery""","""unknown_loader""","""None""","""Unknown Loader""","""2026-10-08 20:02:36""","""75""","""True""","""""","""etherhiding","sepolia"""
"2026-10-08 17:21:30","""1957746""","""masia.com.ve""","""domain""","""payload_delivery""","""unknown_loader""","""None""","""Unknown Loader""","""2026-10-08 18:31:22""","""75""","""True""","""""","""etherhiding","sepolia"""
"2026-10-08 17:21:30","""1957747""","""matinatlas.com""","""domain""","""payload_delivery""","""unknown_loader""","""None""","""Unknown Loader""","""2026-10-08 20:02:34""","""75""","""True""","""""","""etherhiding","sepolia"""
"2026-10-08 17:21:30","""1957748""","""medadaabi.ir""","""domain""","""payload_delivery""","""unknown_loader""","""None""","""Unknown Loader""","""2026-10-08 20:02:34""","""75""","""True""","""""","""etherhiding","sepolia"""
"2026-10-08 17:21:30","""1957749""","""michellemillerproofreading.com""","""domain""","""payload_delivery""","""unknown_loader""","""None""","""Unknown Loader""","""2026-10-08 19:27:03""","""75""","""True""","""""","""etherhiding","sepolia"""
"2026-10-08 17:21:30","""1957750""","""mihalkovicskupa.hu""","""domain""","""payload_delivery""","""unknown_loader""","""None""","""Unknown Loader""","""2026-10-08 19:37:06""","""75""","""True""","""""","""etherhiding","sepolia"""
"2026-10-08 17:21:30","""1957751""","""mike-chauffeur.cz""","""domain""","""payload_delivery""","""unknown_loader""","""None""","""Unknown Loader""","""2026-10-08 19:47:07""","""75""","""True""","""""","""etherhiding","sepolia"""
"2026-10-08 17:21:30","""1957752""","""misteriosx.com""","""domain""","""payload_delivery""","""unknown_loader""","""None""","""Unknown Loader""","""2026-10-08 19:27:04""","""75""","""True""","""""","""etherhiding","sepolia"""
"2026-10-08 17:21:30","""1957753""","""modelleriaara.com""","""domain""","""payload_delivery""","""unknown_loader""","""None""","""Unknown Loader""","""2026-10-08 20:02:35""","""75""","""True""","""""","""etherhiding","sepolia"""
"2026-10-08 17:21:30","""1957754""","""musicaegioia.it""","""domain""","""payload_delivery""","""unknown_loader""","""None""","""Unknown Loader""","""2026-10-08 19:37:05""","""75""","""True""","""""","""etherhiding","sepolia"""
"2026-10-08 17:21:30","""1957755""","""novamostra.com""","""domain""","""payload_delivery""","""unknown_loader""","""None""","""Unknown Loader""","""2026-10-08 20:02:36""","""75""","""True""","""""","""etherhiding","sepolia"""
"2026-10-08 17:21:30","""1957756""","""openeyesmedia.com""","""domain""","""payload_delivery""","""unknown_loader""","""None""","""Unknown Loader""","""2026-10-08 20:02:33""","""75""","""True""","""""","""etherhiding","sepolia"""
"2026-10-08 17:21:30","""1957757""","""osteriailmelograno.com""","""domain""","""payload_delivery""","""unknown_loader""","""None""","""Unknown Loader""","""2026-10-08 20:02:33""","""75""","""True""","""""","""etherhiding","sepolia"""
"2026-10-08 17:21:30","""1957758""","""owlstore.eu""","""domain""","""payload_delivery""","""unknown_loader""","""None""","""Unknown Loader""","""2026-10-08 19:27:04""","""75""","""True""","""""","""etherhiding","sepolia"""
"2026-10-08 17:21:30","""1957759""","""packyourdreams.de""","""domain""","""payload_delivery""","""unknown_loader""","""None""","""Unknown Loader""","""2026-10-08 19:47:08""","""75""","""True""","""""","""etherhiding","sepolia"""
"2026-10-08 17:21:30","""1957760""","""papatty.ir""","""domain""","""payload_delivery""","""unknown_loader""","""None""","""Unknown Loader""","""2026-10-08 20:02:36""","""75""","""True""","""""","""etherhiding","sepolia"""
"2026-10-08 17:21:30","""1957761""","""pelakhaft.ir""","""domain""","""payload_delivery""","""unknown_loader""","""None""","""Unknown Loader""","""2026-10-08 20:02:36""","""75""","""True""","""""","""etherhiding","sepolia"""
"2026-10-08 17:21:30","""1957762""","""personaltrainer-wiesbaden.com""","""domain""","""payload_delivery""","""unknown_loader""","""None""","""Unknown Loader""","""2026-10-08 20:02:35""","""75""","""True""","""""","""etherhiding","sepolia"""
"2026-10-08 17:21:30","""1957763""","""petoilguide.com""","""domain""","""payload_delivery""","""unknown_loader""","""None""","""Unknown Loader""","""2026-10-08 20:12:39""","""75""","""True""","""""","""etherhiding","sepolia"""
"2026-10-08 17:21:30","""1957764""","""pingotec.com""","""domain""","""payload_delivery""","""unknown_loader""","""None""","""Unknown Loader""","""2026-10-08 20:12:38""","""75""","""True""","""""","""etherhiding","sepolia"""
"2026-10-08 17:21:30","""1957765""","""planetalegal.es""","""domain""","""payload_delivery""","""unknown_loader""","""None""","""Unknown Loader""","""2026-10-08 20:22:46""","""75""","""True""","""""","""etherhiding","sepolia"""
"2026-10-08 17:21:30","""1957766""","""pleasantsims.com""","""domain""","""payload_delivery""","""unknown_loader""","""None""","""Unknown Loader""","""""","""75""","""True""","""""","""etherhiding","sepolia"""
"2026-10-08 17:21:29","""1957706""","""friendsofoutdoorchattanooga.org""","""domain""","""payload_delivery""","""unknown_loader""","""None""","""Unknown Loader""","""""","""75""","""True""","""""","""etherhiding","sepolia"""
"2026-10-08 17:21:29","""1957707""","""gabrielleaesthetics.com""","""domain""","""payload_delivery""","""unknown_loader""","""None""","""Unknown Loader""","""2026-10-08 18:41:24""","""75""","""True""","""""","""etherhiding","sepolia"""
"2026-10-08 17:21:29","""1957708""","""galleryparian.ir""","""domain""","""payload_delivery""","""unknown_loader""","""None""","""Unknown Loader""","""""","""75""","""True""","""""","""etherhiding","sepolia"""
"2026-10-08 17:21:29","""1957709""","""greenerealtyflorida.com""","""domain""","""payload_delivery""","""unknown_loader""","""None""","""Unknown Loader""","""2026-10-08 18:56:57""","""75""","""True""","""""","""etherhiding","sepolia"""
"2026-10-08 17:21:29","""1957710""","""gtta.co.in""","""domain""","""payload_delivery""","""unknown_loader""","""None""","""Unknown Loader""","""""","""75""","""True""","""""","""etherhiding","sepolia"""
"2026-10-08 17:21:29","""1957711""","""gurpreetchawla.in""","""domain""","""payload_delivery""","""unknown_loader""","""None""","""Unknown Loader""","""""","""75""","""True""","""""","""etherhiding","sepolia"""
"2026-10-08 17:21:29","""1957712""","""hawramanat.ir""","""domain""","""payload_delivery""","""unknown_loader""","""None""","""Unknown Loader""","""""","""75""","""True""","""""","""etherhiding","sepolia"""
"2026-10-08 17:21:29","""1957713""","""hinsonproductions.net""","""domain""","""payload_delivery""","""unknown_loader""","""None""","""Unknown Loader""","""2026-10-08 19:17:02""","""75""","""True""","""""","""etherhiding","sepolia"""
"2026-10-08 17:21:29","""1957714""","""histobrand.com""","""domain""","""payload_delivery""","""unknown_loader""","""None""","""Unknown Loader""","""""","""75""","""True""","""""","""etherhiding","sepolia"""
"2026-10-08 17:21:29","""1957715""","""homeschneider.com""","""domain""","""payload_delivery""","""unknown_loader""","""None""","""Unknown Loader""","""""","""75""","""True""","""""","""etherhiding","sepolia"""
"2026-10-08 17:21:29","""1957716""","""hrcontabilidade.com.br""","""domain""","""payload_delivery""","""unknown_loader""","""None""","""Unknown Loader""","""""","""75""","""True""","""""","""etherhiding","sepolia"""
"2026-10-08 17:21:29","""1957717""","""hrkonzultace.cz""","""domain""","""payload_delivery""","""unknown_loader""","""None""","""Unknown Loader""","""""","""75""","""True""","""""","""etherhiding","sepolia"""
"2026-10-08 17:21:29","""1957718""","""ibfan.cz""","""domain""","""payload_delivery""","""unknown_loader""","""None""","""Unknown Loader""","""2026-10-08 19:07:00""","""75""","""True""","""""","""etherhiding","sepolia"""
"2026-10-08 17:21:29","""1957719""","""iccdubaj.com""","""domain""","""payload_delivery""","""unknown_loader""","""None""","""Unknown Loader""","""2026-10-08 19:07:01""","""75""","""True""","""""","""etherhiding","sepolia"""
"2026-10-08 17:21:29","""1957720""","""iliaazar.com""","""domain""","""payload_delivery""","""unknown_loader""","""None""","""Unknown Loader""","""""","""75""","""True""","""""","""etherhiding","sepolia"""
"2026-10-08 17:21:29","""1957721""","""ilidental.com""","""domain""","""payload_delivery""","""unknown_loader""","""None""","""Unknown Loader""","""""","""75""","""True""","""""","""etherhiding","sepolia"""
"2026-10-08 17:21:29","""1957722""","""inspiredhomeliving.com.au""","""domain""","""payload_delivery""","""unknown_loader""","""None""","""Unknown Loader""","""""","""75""","""True""","""""","""etherhiding","sepolia"""
"2026-10-08 17:21:29","""1957723""","""integral-group.de""","""domain""","""payload_delivery""","""unknown_loader""","""None""","""Unknown Loader""","""2026-10-08 18:56:58""","""75""","""True""","""""","""etherhiding","sepolia"""
"2026-10-08 17:21:29","""1957724""","""jasai.co""","""domain""","""payload_delivery""","""unknown_loader""","""None""","""Unknown Loader""","""""","""75""","""True""","""""","""etherhiding","sepolia"""
"2026-10-08 17:21:29","""1957725""","""joshkolay.com""","""domain""","""payload_delivery""","""unknown_loader""","""None""","""Unknown Loader""","""""","""75""","""True""","""""","""etherhiding","sepolia"""
"2026-10-08 17:21:29","""1957726""","""jvpburgenland.at""","""domain""","""payload_delivery""","""unknown_loader""","""None""","""Unknown Loader""","""2026-10-08 18:41:25""","""75""","""True""","""""","""etherhiding","sepolia"""
"2026-10-08 17:21:29","""1957727""","""kalmaras.lt""","""domain""","""payload_delivery""","""unknown_loader""","""None""","""Unknown Loader""","""2026-10-08 18:41:25""","""75""","""True""","""""","""etherhiding","sepolia"""
"2026-10-08 17:21:29","""1957728""","""karog-alansasan.com""","""domain""","""payload_delivery""","""unknown_loader""","""None""","""Unknown Loader""","""""","""75""","""True""","""""","""etherhiding","sepolia"""
"2026-10-08 17:21:29","""1957729""","""kasettumkin.com""","""domain""","""payload_delivery""","""unknown_loader""","""None""","""Unknown Loader""","""""","""75""","""True""","""""","""etherhiding","sepolia"""
"2026-10-08 17:21:29","""1957730""","""kendo-mainz.de""","""domain""","""payload_delivery""","""unknown_loader""","""None""","""Unknown Loader""","""2026-10-08 18:41:25""","""75""","""True""","""""","""etherhiding","sepolia"""
"2026-10-08 17:21:29","""1957731""","""khaniholding.com""","""domain""","""payload_delivery""","""unknown_loader""","""None""","""Unknown Loader""","""""","""75""","""True""","""""","""etherhiding","sepolia"""
"2026-10-08 17:21:29","""1957732""","""khovai.com""","""domain""","""payload_delivery""","""unknown_loader""","""None""","""Unknown Loader""","""""","""75""","""True""","""""","""etherhiding","sepolia"""
"2026-10-08 17:21:29","""1957733""","""klix3.de""","""domain""","""payload_delivery""","""unknown_loader""","""None""","""Unknown Loader""","""2026-10-08 19:07:00""","""75""","""True""","""""","""etherhiding","sepolia"""
"2026-10-08 17:21:29","""1957734""","""kosmetik-schwetzingen.de""","""domain""","""payload_delivery""","""unknown_loader""","""None""","""Unknown Loader""","""2026-10-08 18:56:58""","""75""","""True""","""""","""etherhiding","sepolia"""
"2026-10-08 17:21:29","""1957735""","""kreanatura.cz""","""domain""","""payload_delivery""","""unknown_loader""","""None""","""Unknown Loader""","""""","""75""","""True""","""""","""etherhiding","sepolia"""
"2026-10-08 17:21:28","""1957677""","""concreteimages.com""","""domain""","""payload_delivery""","""unknown_loader""","""None""","""Unknown Loader""","""2026-10-08 18:21:15""","""75""","""True""","""""","""etherhiding","sepolia"""
"2026-10-08 17:21:28","""1957678""","""cotesdethongue.fr""","""domain""","""payload_delivery""","""unknown_loader""","""None""","""Unknown Loader""","""2026-10-08 18:21:16""","""75""","""True""","""""","""etherhiding","sepolia"""
"2026-10-08 17:21:28","""1957679""","""creativecollectionbyshon.com""","""domain""","""payload_delivery""","""unknown_loader""","""None""","""Unknown Loader""","""""","""75""","""True""","""""","""etherhiding","sepolia"""
"2026-10-08 17:21:28","""1957680""","""dandori.co.jp""","""domain""","""payload_delivery""","""unknown_loader""","""None""","""Unknown Loader""","""2026-10-08 18:31:21""","""75""","""True""","""""","""etherhiding","sepolia"""
"2026-10-08 17:21:28","""1957681""","""dehraduntimes.com""","""domain""","""payload_delivery""","""unknown_loader""","""None""","""Unknown Loader""","""2026-10-08 18:41:26""","""75""","""True""","""""","""etherhiding","sepolia"""
"2026-10-08 17:21:28","""1957682""","""detaknegeri.com""","""domain""","""payload_delivery""","""unknown_loader""","""None""","""Unknown Loader""","""2026-10-08 18:41:26""","""75""","""True""","""""","""etherhiding","sepolia"""
"2026-10-08 17:21:28","""1957683""","""diamlabio.com""","""domain""","""payload_delivery""","""unknown_loader""","""None""","""Unknown Loader""","""2026-10-08 18:21:16""","""75""","""True""","""""","""etherhiding","sepolia"""
"2026-10-08 17:21:28","""1957684""","""diesicyprus.com.cy""","""domain""","""payload_delivery""","""unknown_loader""","""None""","""Unknown Loader""","""2026-10-08 18:21:18""","""75""","""True""","""""","""etherhiding","sepolia"""
"2026-10-08 17:21:28","""1957685""","""digi.africa""","""domain""","""payload_delivery""","""unknown_loader""","""None""","""Unknown Loader""","""2026-10-08 18:31:21""","""75""","""True""","""""","""etherhiding","sepolia"""
"2026-10-08 17:21:28","""1957686""","""donyayetahlil.com""","""domain""","""payload_delivery""","""unknown_loader""","""None""","""Unknown Loader""","""2026-10-08 18:21:15""","""75""","""True""","""""","""etherhiding","sepolia"""
"2026-10-08 17:21:28","""1957687""","""dpsczarne.pl""","""domain""","""payload_delivery""","""unknown_loader""","""None""","""Unknown Loader""","""2026-10-08 18:21:17""","""75""","""True""","""""","""etherhiding","sepolia"""
"2026-10-08 17:21:28","""1957688""","""drbehzadnejad.com""","""domain""","""payload_delivery""","""unknown_loader""","""None""","""Unknown Loader""","""2026-10-08 18:31:23""","""75""","""True""","""""","""etherhiding","sepolia"""
"2026-10-08 17:21:28","""1957689""","""drfarshidarbabi.com""","""domain""","""payload_delivery""","""unknown_loader""","""None""","""Unknown Loader""","""2026-10-08 18:31:21""","""75""","""True""","""""","""etherhiding","sepolia"""
"2026-10-08 17:21:28","""1957690""","""eckon.ro""","""domain""","""payload_delivery""","""unknown_loader""","""None""","""Unknown Loader""","""2026-10-08 18:21:17""","""75""","""True""","""""","""etherhiding","sepolia"""
"2026-10-08 17:21:28","""1957691""","""elainecampbell.ie""","""domain""","""payload_delivery""","""unknown_loader""","""None""","""Unknown Loader""","""""","""75""","""True""","""""","""etherhiding","sepolia"""
"2026-10-08 17:21:28","""1957692""","""elisa-nachhilfe.de""","""domain""","""payload_delivery""","""unknown_loader""","""None""","""Unknown Loader""","""2026-10-08 18:31:20""","""75""","""True""","""""","""etherhiding","sepolia"""
"2026-10-08 17:21:28","""1957693""","""elshotdiario.com""","""domain""","""payload_delivery""","""unknown_loader""","""None""","""Unknown Loader""","""""","""75""","""True""","""""","""etherhiding","sepolia"""
"2026-10-08 17:21:28","""1957694""","""enlito.be""","""domain""","""payload_delivery""","""unknown_loader""","""None""","""Unknown Loader""","""2026-10-08 18:41:25""","""75""","""True""","""""","""etherhiding","sepolia"""
"2026-10-08 17:21:28","""1957695""","""ethicroindustries.com""","""domain""","""payload_delivery""","""unknown_loader""","""None""","""Unknown Loader""","""2026-10-08 19:07:00""","""75""","""True""","""""","""etherhiding","sepolia"""
"2026-10-08 17:21:28","""1957696""","""expressionsinspeech.com""","""domain""","""payload_delivery""","""unknown_loader""","""None""","""Unknown Loader""","""""","""75""","""True""","""""","""etherhiding","sepolia"""
"2026-10-08 17:21:28","""1957697""","""factorywaterford.ie""","""domain""","""payload_delivery""","""unknown_loader""","""None""","""Unknown Loader""","""2026-10-08 18:56:58""","""75""","""True""","""""","""etherhiding","sepolia"""
"2026-10-08 17:21:28","""1957698""","""felelossegbiztosito.hu""","""domain""","""payload_delivery""","""unknown_loader""","""None""","""Unknown Loader""","""""","""75""","""True""","""""","""etherhiding","sepolia"""
"2026-10-08 17:21:28","""1957699""","""feltregas.it""","""domain""","""payload_delivery""","""unknown_loader""","""None""","""Unknown Loader""","""""","""75""","""True""","""""","""etherhiding","sepolia"""
"2026-10-08 17:21:28","""1957700""","""feriafpelche.es""","""domain""","""payload_delivery""","""unknown_loader""","""None""","""Unknown Loader""","""""","""75""","""True""","""""","""etherhiding","sepolia"""
"2026-10-08 17:21:28","""1957701""","""festivaloftech.nl""","""domain""","""payload_delivery""","""unknown_loader""","""None""","""Unknown Loader""","""""","""75""","""True""","""""","""etherhiding","sepolia"""
"2026-10-08 17:21:28","""1957702""","""fibrefence.it""","""domain""","""payload_delivery""","""unknown_loader""","""None""","""Unknown Loader""","""2026-10-08 18:56:58""","""75""","""True""","""""","""etherhiding","sepolia"""
"2026-10-08 17:21:28","""1957703""","""fideliaaddison.com""","""domain""","""payload_delivery""","""unknown_loader""","""None""","""Unknown Loader""","""""","""75""","""True""","""""","""etherhiding","sepolia"""
"2026-10-08 17:21:28","""1957704""","""firedefender.pl""","""domain""","""payload_delivery""","""unknown_loader""","""None""","""Unknown Loader""","""2026-10-08 19:07:00""","""75""","""True""","""""","""etherhiding","sepolia"""
"2026-10-08 17:21:28","""1957705""","""fotoholica.de""","""domain""","""payload_delivery""","""unknown_loader""","""None""","""Unknown Loader""","""2026-10-08 18:56:58""","""75""","""True""","""""","""etherhiding","sepolia"""
"2026-10-08 17:21:27","""1957646""","""accessory-online.com""","""domain""","""payload_delivery""","""unknown_loader""","""None""","""Unknown Loader""","""2026-10-08 18:31:21""","""75""","""True""","""""","""etherhiding","sepolia"""
"2026-10-08 17:21:27","""1957647""","""aircare-pro.com""","""domain""","""payload_delivery""","""unknown_loader""","""None""","""Unknown Loader""","""2026-10-08 18:21:15""","""75""","""True""","""""","""etherhiding","sepolia"""
"2026-10-08 17:21:27","""1957648""","""ajorkavir.ir""","""domain""","""payload_delivery""","""unknown_loader""","""None""","""Unknown Loader""","""2026-10-08 18:41:26""","""75""","""True""","""""","""etherhiding","sepolia"""
"2026-10-08 17:21:27","""1957649""","""alignedassetgroup.com""","""domain""","""payload_delivery""","""unknown_loader""","""None""","""Unknown Loader""","""2026-10-08 18:41:26""","""75""","""True""","""""","""etherhiding","sepolia"""
"2026-10-08 17:21:27","""1957650""","""amirashrafi.ir""","""domain""","""payload_delivery""","""unknown_loader""","""None""","""Unknown Loader""","""2026-10-08 18:31:20""","""75""","""True""","""""","""etherhiding","sepolia"""
"2026-10-08 17:21:27","""1957651""","""andrea-allievi.com""","""domain""","""payload_delivery""","""unknown_loader""","""None""","""Unknown Loader""","""2026-10-08 18:31:22""","""75""","""True""","""""","""etherhiding","sepolia"""
"2026-10-08 17:21:27","""1957652""","""ankara-otomatikkapi.com""","""domain""","""payload_delivery""","""unknown_loader""","""None""","""Unknown Loader""","""2026-10-08 18:31:20""","""75""","""True""","""""","""etherhiding","sepolia"""
"2026-10-08 17:21:27","""1957653""","""annepeterswordsmith.com""","""domain""","""payload_delivery""","""unknown_loader""","""None""","""Unknown Loader""","""2026-10-08 18:41:27""","""75""","""True""","""""","""etherhiding","sepolia"""
"2026-10-08 17:21:27","""1957654""","""antandros.org""","""domain""","""payload_delivery""","""unknown_loader""","""None""","""Unknown Loader""","""2026-10-08 18:21:18""","""75""","""True""","""""","""etherhiding","sepolia"""
"2026-10-08 17:21:27","""1957655""","""apsonlineacademy.org""","""domain""","""payload_delivery""","""unknown_loader""","""None""","""Unknown Loader""","""2026-10-08 18:31:19""","""75""","""True""","""""","""etherhiding","sepolia"""
"2026-10-08 17:21:27","""1957656""","""armandental.com""","""domain""","""payload_delivery""","""unknown_loader""","""None""","""Unknown Loader""","""2026-10-08 18:31:19""","""75""","""True""","""""","""etherhiding","sepolia"""
"2026-10-08 17:21:27","""1957657""","""artcenterbankya.bg""","""domain""","""payload_delivery""","""unknown_loader""","""None""","""Unknown Loader""","""2026-10-08 18:11:13""","""75""","""True""","""""","""etherhiding","sepolia"""
"2026-10-08 17:21:27","""1957658""","""asal-koohgol.com""","""domain""","""payload_delivery""","""unknown_loader""","""None""","""Unknown Loader""","""2026-10-08 18:41:27""","""75""","""True""","""""","""etherhiding","sepolia"""
"2026-10-08 17:21:27","""1957659""","""aspdarchitectss.com""","""domain""","""payload_delivery""","""unknown_loader""","""None""","""Unknown Loader""","""2026-10-08 18:21:17""","""75""","""True""","""""","""etherhiding","sepolia"""
"2026-10-08 17:21:27","""1957660""","""baharmiss.com""","""domain""","""payload_delivery""","""unknown_loader""","""None""","""Unknown Loader""","""2026-10-08 18:41:26""","""75""","""True""","""""","""etherhiding","sepolia"""
"2026-10-08 17:21:27","""1957661""","""beautifullbody.be""","""domain""","""payload_delivery""","""unknown_loader""","""None""","""Unknown Loader""","""2026-10-08 18:31:23""","""75""","""True""","""""","""etherhiding","sepolia"""
"2026-10-08 17:21:27","""1957662""","""becva.cz""","""domain""","""payload_delivery""","""unknown_loader""","""None""","""Unknown Loader""","""2026-10-08 18:21:16""","""75""","""True""","""""","""etherhiding","sepolia"""
"2026-10-08 17:21:27","""1957663""","""bisracommunications.com""","""domain""","""payload_delivery""","""unknown_loader""","""None""","""Unknown Loader""","""2026-10-08 18:21:14""","""75""","""True""","""""","""etherhiding","sepolia"""
"2026-10-08 17:21:27","""1957664""","""blestaco.com""","""domain""","""payload_delivery""","""unknown_loader""","""None""","""Unknown Loader""","""2026-10-08 18:31:22""","""75""","""True""","""""","""etherhiding","sepolia"""
"2026-10-08 17:21:27","""1957665""","""bluewatchtower.com""","""domain""","""payload_delivery""","""unknown_loader""","""None""","""Unknown Loader""","""2026-10-08 18:31:23""","""75""","""True""","""""","""etherhiding","sepolia"""
"2026-10-08 17:21:27","""1957666""","""brainworktherapy.com""","""domain""","""payload_delivery""","""unknown_loader""","""None""","""Unknown Loader""","""""","""75""","""True""","""""","""etherhiding","sepolia"""
"2026-10-08 17:21:27","""1957667""","""brambaptist.nl""","""domain""","""payload_delivery""","""unknown_loader""","""None""","""Unknown Loader""","""2026-10-08 18:31:23""","""75""","""True""","""""","""etherhiding","sepolia"""
"2026-10-08 17:21:27","""1957668""","""buildingonlinebusiness.net""","""domain""","""payload_delivery""","""unknown_loader""","""None""","""Unknown Loader""","""2026-10-08 18:21:15""","""75""","""True""","""""","""etherhiding","sepolia"""
"2026-10-08 17:21:27","""1957669""","""caadvs.adv.br""","""domain""","""payload_delivery""","""unknown_loader""","""None""","""Unknown Loader""","""""","""75""","""True""","""""","""etherhiding","sepolia"""
"2026-10-08 17:21:27","""1957670""","""cafegadget.ir""","""domain""","""payload_delivery""","""unknown_loader""","""None""","""Unknown Loader""","""2026-10-08 18:41:27""","""75""","""True""","""""","""etherhiding","sepolia"""
"2026-10-08 17:21:27","""1957671""","""cardioex.com""","""domain""","""payload_delivery""","""unknown_loader""","""None""","""Unknown Loader""","""2026-10-08 18:21:16""","""75""","""True""","""""","""etherhiding","sepolia"""
"2026-10-08 17:21:27","""1957672""","""citycapitaltraders.com""","""domain""","""payload_delivery""","""unknown_loader""","""None""","""Unknown Loader""","""2026-10-08 18:31:21""","""75""","""True""","""""","""etherhiding","sepolia"""
"2026-10-08 17:21:27","""1957673""","""cmjcfnonalahaine.com""","""domain""","""payload_delivery""","""unknown_loader""","""None""","""Unknown Loader""","""2026-10-08 18:21:14""","""75""","""True""","""""","""etherhiding","sepolia"""
"2026-10-08 17:21:27","""1957674""","""coastalhospicesc.com""","""domain""","""payload_delivery""","""unknown_loader""","""None""","""Unknown Loader""","""2026-10-08 18:31:20""","""75""","""True""","""""","""etherhiding","sepolia"""
"2026-10-08 17:21:27","""1957675""","""coffeetrainingcenteratbd.com""","""domain""","""payload_delivery""","""unknown_loader""","""None""","""Unknown Loader""","""2026-10-08 18:41:27""","""75""","""True""","""""","""etherhiding","sepolia"""
"2026-10-08 17:21:27","""1957676""","""completetechnologyresources.com""","""domain""","""payload_delivery""","""unknown_loader""","""None""","""Unknown Loader""","""2026-10-08 18:21:17""","""75""","""True""","""""","""etherhiding","sepolia"""
"2026-10-08 17:21:26","""1957644""","""abissnet.cloud""","""domain""","""payload_delivery""","""unknown_loader""","""None""","""Unknown Loader""","""2026-10-08 18:21:17""","""75""","""True""","""""","""etherhiding","sepolia"""
"2026-10-08 17:21:26","""1957645""","""academiaidiomasgeranios.com""","""domain""","""payload_delivery""","""unknown_loader""","""None""","""Unknown Loader""","""2026-10-08 18:31:22""","""75""","""True""","""""","""etherhiding","sepolia"""
"2026-10-08 16:35:48","""1957584""","""ss.3toto.com""","""domain""","""botnet_cc""","""win.vidar""","""None""","""Vidar""","""""","""100""","""True""","""None""","""vidar""","""0"""
"2026-10-08 16:34:20","""1957583""","""xveuttyd.murup.store""","""domain""","""payload_delivery""","""js.clearfake""","""None""","""ClearFake""","""""","""100""","""False""","""None""","""ClearFake","mac-0x0f14"
"2026-10-08 16:28:48","""1957582""","""w5tv1jh1.salgu.store""","""domain""","""payload_delivery""","""js.clearfake""","""None""","""ClearFake""","""""","""100""","""False""","""None""","""ClearFake","mac-0x76c7"
"2026-10-08 16:27:51","""1957578""","""hollowand.com""","""domain""","""payload_delivery""","""js.iclickfix""","""None""","""IClickFix""","""""","""100""","""True""","""""","""None""","""1"""
"2026-10-08 16:27:51","""1957580""","""www.umzug-laubach.de""","""domain""","""payload_delivery""","""js.iclickfix""","""None""","""IClickFix""","""""","""100""","""True""","""""","""None""","""1"""
"2026-10-08 16:26:50","""1957581""","""kalem.store""","""domain""","""payload_delivery""","""js.clearfake""","""None""","""ClearFake""","""""","""100""","""False""","""None""","""ClearFake""","""0"""
"2026-10-08 15:50:48","""1957576""","""ss.333vip.org""","""domain""","""botnet_cc""","""win.vidar""","""None""","""Vidar""","""""","""100""","""True""","""None""","""vidar""","""0"""
"2026-10-08 15:48:50","""1957574""","""7xlu446x.subar.store""","""domain""","""payload_delivery""","""js.clearfake""","""None""","""ClearFake""","""""","""100""","""False""","""None""","""ClearFake","mac-0xdcf2"
"2026-10-08 15:43:47","""1957568""","""barkaicom.co.il""","""domain""","""payload_delivery""","""unknown_loader""","""None""","""Unknown Loader""","""""","""75""","""True""","""""","""etherhiding""","""0"""
"2026-10-08 15:43:47","""1957569""","""geronaimilianos.org""","""domain""","""payload_delivery""","""unknown_loader""","""None""","""Unknown Loader""","""2026-10-08 16:14:48""","""75""","""True""","""""","""etherhiding""","""0"""
"2026-10-08 15:43:47","""1957570""","""paf-information.com""","""domain""","""payload_delivery""","""unknown_loader""","""None""","""Unknown Loader""","""2026-10-08 16:24:50""","""75""","""True""","""""","""etherhiding""","""0"""
"2026-10-08 15:43:47","""1957571""","""thehoophall.com""","""domain""","""payload_delivery""","""unknown_loader""","""None""","""Unknown Loader""","""2026-10-08 16:24:50""","""75""","""True""","""""","""etherhiding""","""0"""
"2026-10-08 15:43:47","""1957572""","""unluckytool.com""","""domain""","""payload_delivery""","""unknown_loader""","""None""","""Unknown Loader""","""""","""75""","""True""","""""","""etherhiding""","""0"""
"2026-10-08 15:42:01","""1957567""","""vmi3641492.contaboserver.net""","""domain""","""payload_delivery""","""unknown""","""None""","""Unknown malware""","""""","""100""","""False""","""""","""geo","MEX"""
"2026-10-08 15:12:08","""1957518""","""alphamap.net""","""domain""","""payload_delivery""","""js.iclickfix""","""None""","""IClickFix""","""2026-10-08 15:12:10""","""100""","""False""","""None""","""ClickFix""","""0"""
"2026-10-08 15:08:32","""1957516""","""rebrato.com""","""domain""","""payload_delivery""","""js.iclickfix""","""None""","""IClickFix""","""""","""100""","""False""","""None""","""ClickFix""","""0"""
"2026-10-08 15:08:31","""1957515""","""gsdfguhjsdfgdfjg.xyz""","""domain""","""payload_delivery""","""js.iclickfix""","""None""","""IClickFix""","""""","""100""","""False""","""None""","""ClickFix""","""0"""
"2026-10-08 15:08:27","""1957513""","""seconurl.com""","""domain""","""payload_delivery""","""js.iclickfix""","""None""","""IClickFix""","""""","""100""","""False""","""None""","""ClickFix""","""0"""
"2026-10-08 15:08:27","""1957514""","""xorados.com""","""domain""","""payload_delivery""","""js.iclickfix""","""None""","""IClickFix""","""""","""100""","""False""","""None""","""ClickFix""","""0"""
"2026-10-08 15:03:46","""1957508""","""e3k00lxe.truenarrator.com""","""domain""","""payload_delivery""","""js.clearfake""","""None""","""ClearFake""","""""","""100""","""False""","""None""","""ClearFake","mac-0xdcf2"
"2026-10-08 14:55:51","""1957505""","""mgxyuko.xyz""","""domain""","""payload_delivery""","""js.clearfake""","""None""","""ClearFake""","""2026-10-09 07:46:46""","""90""","""False""","""None""","""ClearFake","ClickFix"
"2026-10-08 14:48:58","""1957504""","""vmi3641491.contaboserver.net""","""domain""","""payload_delivery""","""unknown""","""None""","""Unknown malware""","""2026-10-08 15:41:29""","""100""","""False""","""https://bazaar.abuse.ch/sample/df0be709a16dfdec2a137250529324f83f9d80f88bd3f9c95abe01fd30a9f1c7/""","""None""","""0"""
"2026-10-08 14:48:00","""1957502""","""dkoretar.noip.at""","""domain""","""botnet_cc""","""unknown""","""None""","""Unknown malware""","""""","""100""","""False""","""https://bazaar.abuse.ch/sample/01adeb13e760036a7dc3113b8c61c1e8ab0e87ba39dc48389edf16ed0a89ef56/""","""None""","""0"""
"2026-10-08 14:40:58","""1957499""","""midtown.ilovecollege.info""","""domain""","""botnet_cc""","""unknown""","""None""","""Unknown malware""","""""","""100""","""False""","""https://bazaar.abuse.ch/sample/df0be709a16dfdec2a137250529324f83f9d80f88bd3f9c95abe01fd30a9f1c7/""","""None""","""0"""
"2026-10-08 14:09:29","""1957345""","""renotad.com""","""domain""","""payload_delivery""","""js.iclickfix""","""None""","""IClickFix""","""""","""100""","""False""","""None""","""ClickFix""","""0"""
"2026-10-08 14:09:28","""1957344""","""cosmical2049.com""","""domain""","""payload_delivery""","""js.iclickfix""","""None""","""IClickFix""","""""","""100""","""False""","""None""","""ClickFix""","""0"""
"2026-10-08 14:06:18","""1957111""","""lavendertome.co""","""domain""","""payload_delivery""","""js.smartapesg""","""HANEYMANEY","ZPHP""","""SmartApeSG""","""2026-10-08 13:30:49""","""100""","""False""","""None""","""SmartApeSG"""
"2026-10-08 14:06:16","""1957275""","""api.kookjar.com""","""domain""","""botnet_cc""","""apk.badbox""","""None""","""BADBOX""","""""","""100""","""False""","""https://web.archive.org/web/20260929023142/https://securelist.com/android-head-unit-malware/121106/""","""android","automotive"
"2026-10-08 13:49:58","""1957333""","""nosabely.workers.dev""","""domain""","""payload_delivery""","""php.shin_webshell""","""None""","""php.shin_webshell""","""""","""50""","""True""","""None""","""Cloudflare","GIF"
"2026-10-08 13:23:03","""1957287""","""www.mcdanielwoolf.co.uk""","""domain""","""payload_delivery""","""js.clearfake""","""None""","""ClearFake""","""""","""90""","""True""","""None""","""compromised","EtherHide"""
"2026-10-08 13:15:29","""1957286""","""content.dlcore.cc""","""domain""","""botnet_cc""","""win.acr_stealer""","""None""","""ACR Stealer""","""""","""100""","""False""","""""","""ClearFake""","""0"""
"2026-10-08 13:12:59","""1957285""","""www.oniramen.com""","""domain""","""payload_delivery""","""js.clearfake""","""None""","""ClearFake""","""""","""90""","""True""","""None""","""compromised","EtherHide"""
"2026-10-08 13:12:58","""1957284""","""www.nyankids.com""","""domain""","""payload_delivery""","""js.clearfake""","""None""","""ClearFake""","""""","""90""","""True""","""None""","""compromised","EtherHide"""
"2026-10-08 13:12:57","""1957282""","""www.sonquimet.com""","""domain""","""payload_delivery""","""js.clearfake""","""None""","""ClearFake""","""""","""90""","""True""","""None""","""compromised","EtherHide"""
"2026-10-08 13:12:57","""1957283""","""www.riverviewpharmacynj.com""","""domain""","""payload_delivery""","""js.clearfake""","""None""","""ClearFake""","""2026-10-08 13:18:00""","""90""","""True""","""None""","""compromised","EtherHide"""
"2026-10-08 13:12:56","""1957281""","""www.milleniummortgage.net""","""domain""","""payload_delivery""","""js.clearfake""","""None""","""ClearFake""","""""","""90""","""True""","""None""","""compromised","EtherHide"""
"2026-10-08 13:12:55","""1957280""","""ukagir.ru""","""domain""","""payload_delivery""","""js.clearfake""","""None""","""ClearFake""","""""","""90""","""True""","""None""","""compromised","EtherHide"""
"2026-10-08 13:12:54","""1957277""","""www.verbum.cz""","""domain""","""payload_delivery""","""js.clearfake""","""None""","""ClearFake""","""""","""90""","""True""","""None""","""compromised","EtherHide"""
"2026-10-08 13:12:54","""1957278""","""juniorjoias.com.br""","""domain""","""payload_delivery""","""js.clearfake""","""None""","""ClearFake""","""""","""90""","""True""","""None""","""compromised","EtherHide"""
"2026-10-08 13:12:54","""1957279""","""www.platino.com.mx""","""domain""","""payload_delivery""","""js.clearfake""","""None""","""ClearFake""","""""","""90""","""True""","""None""","""compromised","EtherHide"""
"2026-10-08 13:11:39","""1957276""","""gorsefield.cc""","""domain""","""payload_delivery""","""js.clearfake""","""None""","""ClearFake""","""""","""100""","""False""","""None""","""ClearFake""","""0"""
"2026-10-08 13:02:51","""1957269""","""www.toutvabienbien.com""","""domain""","""payload_delivery""","""js.clearfake""","""None""","""ClearFake""","""2026-10-08 13:07:53""","""90""","""True""","""None""","""compromised","EtherHide"""
"2026-10-08 13:02:50","""1957267""","""www.n-sommer.de""","""domain""","""payload_delivery""","""js.clearfake""","""None""","""ClearFake""","""""","""90""","""True""","""None""","""compromised","EtherHide"""
"2026-10-08 13:02:50","""1957268""","""www.rkpelet.sk""","""domain""","""payload_delivery""","""js.clearfake""","""None""","""ClearFake""","""""","""90""","""True""","""None""","""compromised","EtherHide"""
"2026-10-08 12:54:25","""1957264""","""www.mariusbroeders.nl""","""domain""","""payload_delivery""","""js.clearfake""","""None""","""ClearFake""","""""","""90""","""True""","""None""","""compromised","EtherHide"""
"2026-10-08 12:44:24","""1957262""","""www.espacesante-suisse.ch""","""domain""","""payload_delivery""","""js.clearfake""","""None""","""ClearFake""","""""","""90""","""True""","""None""","""compromised","EtherHide"""
"2026-10-08 12:44:23","""1957261""","""dr-sorayatavakoli.ir""","""domain""","""payload_delivery""","""js.clearfake""","""None""","""ClearFake""","""""","""90""","""True""","""None""","""compromised","EtherHide"""
"2026-10-08 12:43:36","""1957260""","""1c6pukow.sadis.store""","""domain""","""payload_delivery""","""js.clearfake""","""None""","""ClearFake""","""""","""100""","""False""","""None""","""ClearFake","mac-0x76c7"
"2026-10-08 12:33:55","""1957248""","""trinea.cn""","""domain""","""payload_delivery""","""unknown_loader""","""None""","""Unknown Loader""","""2026-10-09 17:11:44""","""75""","""True""","""""","""etherhiding""","""0"""
"2026-10-08 12:33:55","""1957249""","""verbum.cz""","""domain""","""payload_delivery""","""unknown_loader""","""None""","""Unknown Loader""","""2026-10-09 17:11:44""","""75""","""True""","""""","""etherhiding""","""0"""
"2026-10-08 12:33:55","""1957250""","""vessant.com""","""domain""","""payload_delivery""","""unknown_loader""","""None""","""Unknown Loader""","""2026-10-08 13:23:02""","""75""","""True""","""""","""etherhiding""","""0"""
"2026-10-08 12:33:55","""1957251""","""voiceartcenter.com""","""domain""","""payload_delivery""","""unknown_loader""","""None""","""Unknown Loader""","""2026-10-09 17:11:44""","""75""","""True""","""""","""etherhiding""","""0"""
"2026-10-08 12:33:55","""1957252""","""waiwaio.cn""","""domain""","""payload_delivery""","""unknown_loader""","""None""","""Unknown Loader""","""2026-10-09 17:11:44""","""75""","""True""","""""","""etherhiding""","""0"""
"2026-10-08 12:33:55","""1957253""","""weltransim.eu""","""domain""","""payload_delivery""","""unknown_loader""","""None""","""Unknown Loader""","""2026-10-09 17:11:45""","""75""","""True""","""""","""etherhiding""","""0"""
"2026-10-08 12:33:55","""1957254""","""woofbuddies.in""","""domain""","""payload_delivery""","""unknown_loader""","""None""","""Unknown Loader""","""""","""75""","""True""","""""","""etherhiding""","""0"""
"2026-10-08 12:33:55","""1957255""","""xn--b1adbn5abjhj1h.xn--p1ai""","""domain""","""payload_delivery""","""unknown_loader""","""None""","""Unknown Loader""","""2026-10-08 13:23:02""","""75""","""True""","""""","""etherhiding""","""0"""
"2026-10-08 12:33:55","""1957256""","""xn--lembke-fenster-tren-lbc.de""","""domain""","""payload_delivery""","""unknown_loader""","""None""","""Unknown Loader""","""2026-10-08 13:02:50""","""75""","""True""","""""","""etherhiding""","""0"""
"2026-10-08 12:33:55","""1957257""","""zavlahymajer.cz""","""domain""","""payload_delivery""","""unknown_loader""","""None""","""Unknown Loader""","""2026-10-09 17:11:45""","""75""","""True""","""""","""etherhiding""","""0"""
"2026-10-08 12:33:54","""1957229""","""riverviewpharmacynj.com""","""domain""","""payload_delivery""","""unknown_loader""","""None""","""Unknown Loader""","""2026-10-08 13:30:49""","""75""","""True""","""""","""etherhiding""","""0"""
"2026-10-08 12:33:54","""1957230""","""rkpelet.sk""","""domain""","""payload_delivery""","""unknown_loader""","""None""","""Unknown Loader""","""2026-10-09 17:11:43""","""75""","""True""","""""","""etherhiding""","""0"""
"2026-10-08 12:33:54","""1957231""","""roaminginrome.com""","""domain""","""payload_delivery""","""unknown_loader""","""None""","""Unknown Loader""","""2026-10-09 17:11:43""","""75""","""True""","""""","""etherhiding""","""0"""
"2026-10-08 12:33:54","""1957232""","""rsee.hu""","""domain""","""payload_delivery""","""unknown_loader""","""None""","""Unknown Loader""","""2026-10-09 17:11:43""","""75""","""True""","""""","""etherhiding""","""0"""
"2026-10-08 12:33:54","""1957233""","""ryrimportadora.cl""","""domain""","""payload_delivery""","""unknown_loader""","""None""","""Unknown Loader""","""2026-10-09 17:11:43""","""75""","""True""","""""","""etherhiding""","""0"""
"2026-10-08 12:33:54","""1957234""","""salesforce-us.com""","""domain""","""payload_delivery""","""unknown_loader""","""None""","""Unknown Loader""","""2026-10-09 17:11:43""","""75""","""True""","""""","""etherhiding""","""0"""
"2026-10-08 12:33:54","""1957235""","""sanfaz.com.pk""","""domain""","""payload_delivery""","""unknown_loader""","""None""","""Unknown Loader""","""2026-10-08 13:12:54""","""75""","""True""","""""","""etherhiding""","""0"""
"2026-10-08 12:33:54","""1957236""","""serviofood.dk""","""domain""","""payload_delivery""","""unknown_loader""","""None""","""Unknown Loader""","""2026-10-09 17:11:43""","""75""","""True""","""""","""etherhiding""","""0"""
"2026-10-08 12:33:54","""1957237""","""sonquimet.com""","""domain""","""payload_delivery""","""unknown_loader""","""None""","""Unknown Loader""","""2026-10-09 17:11:43""","""75""","""True""","""""","""etherhiding""","""0"""
"2026-10-08 12:33:54","""1957238""","""spicegirlsingredients.com""","""domain""","""payload_delivery""","""unknown_loader""","""None""","""Unknown Loader""","""2026-10-09 17:11:43""","""75""","""True""","""""","""etherhiding""","""0"""
"2026-10-08 12:33:54","""1957239""","""steconf.org""","""domain""","""payload_delivery""","""unknown_loader""","""None""","""Unknown Loader""","""2026-10-09 17:11:43""","""75""","""True""","""""","""etherhiding""","""0"""
"2026-10-08 12:33:54","""1957240""","""steviamadblend.com""","""domain""","""payload_delivery""","""unknown_loader""","""None""","""Unknown Loader""","""2026-10-09 17:11:43""","""75""","""True""","""""","""etherhiding""","""0"""
"2026-10-08 12:33:54","""1957241""","""t-m-w.at""","""domain""","""payload_delivery""","""unknown_loader""","""None""","""Unknown Loader""","""2026-10-09 17:11:44""","""75""","""True""","""""","""etherhiding""","""0"""
"2026-10-08 12:33:54","""1957242""","""teachmodellearn.com""","""domain""","""payload_delivery""","""unknown_loader""","""None""","""Unknown Loader""","""2026-10-09 17:11:44""","""75""","""True""","""""","""etherhiding""","""0"""
"2026-10-08 12:33:54","""1957243""","""thelivinglives.com""","""domain""","""payload_delivery""","""unknown_loader""","""None""","""Unknown Loader""","""2026-10-09 17:11:44""","""75""","""True""","""""","""etherhiding""","""0"""
"2026-10-08 12:33:54","""1957244""","""thermal-fabrics.com""","""domain""","""payload_delivery""","""unknown_loader""","""None""","""Unknown Loader""","""2026-10-09 17:11:44""","""75""","""True""","""""","""etherhiding""","""0"""
"2026-10-08 12:33:54","""1957245""","""thewellnessinsights.com""","""domain""","""payload_delivery""","""unknown_loader""","""None""","""Unknown Loader""","""2026-10-09 17:11:44""","""75""","""True""","""""","""etherhiding""","""0"""
"2026-10-08 12:33:54","""1957246""","""thrivesyte.com""","""domain""","""payload_delivery""","""unknown_loader""","""None""","""Unknown Loader""","""2026-10-09 17:11:44""","""75""","""True""","""""","""etherhiding""","""0"""
"2026-10-08 12:33:54","""1957247""","""toutvabienbien.com""","""domain""","""payload_delivery""","""unknown_loader""","""None""","""Unknown Loader""","""2026-10-09 17:11:44""","""75""","""True""","""""","""etherhiding""","""0"""
"2026-10-08 12:33:53","""1957209""","""nyankids.com""","""domain""","""payload_delivery""","""unknown_loader""","""None""","""Unknown Loader""","""2026-10-09 17:11:42""","""75""","""True""","""""","""etherhiding""","""0"""
"2026-10-08 12:33:53","""1957210""","""oniramen.com""","""domain""","""payload_delivery""","""unknown_loader""","""None""","""Unknown Loader""","""2026-10-09 17:11:42""","""75""","""True""","""""","""etherhiding""","""0"""
"2026-10-08 12:33:53","""1957211""","""optik-missbach.de""","""domain""","""payload_delivery""","""unknown_loader""","""None""","""Unknown Loader""","""2026-10-09 17:11:42""","""75""","""True""","""""","""etherhiding""","""0"""
"2026-10-08 12:33:53","""1957212""","""oracle-epc.com""","""domain""","""payload_delivery""","""unknown_loader""","""None""","""Unknown Loader""","""2026-10-09 17:11:42""","""75""","""True""","""""","""etherhiding""","""0"""
"2026-10-08 12:33:53","""1957213""","""orbitinstitutes.com""","""domain""","""payload_delivery""","""unknown_loader""","""None""","""Unknown Loader""","""2026-10-09 17:11:42""","""75""","""True""","""""","""etherhiding""","""0"""
"2026-10-08 12:33:53","""1957214""","""ovalofficeclub.com""","""domain""","""payload_delivery""","""unknown_loader""","""None""","""Unknown Loader""","""2026-10-09 17:11:42""","""75""","""True""","""""","""etherhiding""","""0"""
"2026-10-08 12:33:53","""1957215""","""perf.trinea.cn""","""domain""","""payload_delivery""","""unknown_loader""","""None""","""Unknown Loader""","""2026-10-09 17:11:42""","""75""","""True""","""""","""etherhiding""","""0"""
"2026-10-08 12:33:53","""1957216""","""pescobar.neagest.it""","""domain""","""payload_delivery""","""unknown_loader""","""None""","""Unknown Loader""","""2026-10-09 17:11:42""","""75""","""True""","""""","""etherhiding""","""0"""
"2026-10-08 12:33:53","""1957217""","""platino.com.mx""","""domain""","""payload_delivery""","""unknown_loader""","""None""","""Unknown Loader""","""2026-10-09 17:11:42""","""75""","""True""","""""","""etherhiding""","""0"""
"2026-10-08 12:33:53","""1957218""","""pmfloridaelectric.com""","""domain""","""payload_delivery""","""unknown_loader""","""None""","""Unknown Loader""","""2026-10-09 17:11:42""","""75""","""True""","""""","""etherhiding""","""0"""
"2026-10-08 12:33:53","""1957219""","""proditech.org""","""domain""","""payload_delivery""","""unknown_loader""","""None""","""Unknown Loader""","""2026-10-09 17:11:42""","""75""","""True""","""""","""etherhiding""","""0"""
"2026-10-08 12:33:53","""1957220""","""prolocolucera.com""","""domain""","""payload_delivery""","""unknown_loader""","""None""","""Unknown Loader""","""2026-10-08 13:23:01""","""75""","""True""","""""","""etherhiding""","""0"""
"2026-10-08 12:33:53","""1957221""","""promotorinmobiliario.cl""","""domain""","""payload_delivery""","""unknown_loader""","""None""","""Unknown Loader""","""2026-10-09 17:11:42""","""75""","""True""","""""","""etherhiding""","""0"""
"2026-10-08 12:33:53","""1957222""","""quincy.live""","""domain""","""payload_delivery""","""unknown_loader""","""None""","""Unknown Loader""","""2026-10-09 17:11:43""","""75""","""True""","""""","""etherhiding""","""0"""
"2026-10-08 12:33:53","""1957223""","""rashifathasneem.com""","""domain""","""payload_delivery""","""unknown_loader""","""None""","""Unknown Loader""","""""","""75""","""True""","""""","""etherhiding""","""0"""
"2026-10-08 12:33:53","""1957224""","""renownedagency.ae""","""domain""","""payload_delivery""","""unknown_loader""","""None""","""Unknown Loader""","""""","""75""","""True""","""""","""etherhiding""","""0"""
"2026-10-08 12:33:53","""1957225""","""rentaboatkrk.hr""","""domain""","""payload_delivery""","""unknown_loader""","""None""","""Unknown Loader""","""2026-10-09 17:11:43""","""75""","""True""","""""","""etherhiding""","""0"""
"2026-10-08 12:33:53","""1957226""","""reservadosipescuiaba.com.br""","""domain""","""payload_delivery""","""unknown_loader""","""None""","""Unknown Loader""","""2026-10-09 17:11:43""","""75""","""True""","""""","""etherhiding""","""0"""
"2026-10-08 12:33:53","""1957227""","""restrofranchise.com""","""domain""","""payload_delivery""","""unknown_loader""","""None""","""Unknown Loader""","""2026-10-09 17:11:43""","""75""","""True""","""""","""etherhiding""","""0"""
"2026-10-08 12:33:53","""1957228""","""rgdallas.com""","""domain""","""payload_delivery""","""unknown_loader""","""None""","""Unknown Loader""","""2026-10-09 17:11:43""","""75""","""True""","""""","""etherhiding""","""0"""
"2026-10-08 12:33:52","""1957187""","""loseyourselfinlove.com""","""domain""","""payload_delivery""","""unknown_loader""","""None""","""Unknown Loader""","""2026-10-09 17:11:41""","""75""","""True""","""""","""etherhiding""","""0"""
"2026-10-08 12:33:52","""1957188""","""macph.dk""","""domain""","""payload_delivery""","""unknown_loader""","""None""","""Unknown Loader""","""2026-10-09 17:11:41""","""75""","""True""","""""","""etherhiding""","""0"""
"2026-10-08 12:33:52","""1957189""","""makemoresportswear.com""","""domain""","""payload_delivery""","""unknown_loader""","""None""","""Unknown Loader""","""2026-10-08 12:34:49""","""75""","""True""","""""","""etherhiding""","""0"""
"2026-10-08 12:33:52","""1957190""","""mariusbroeders.nl""","""domain""","""payload_delivery""","""unknown_loader""","""None""","""Unknown Loader""","""2026-10-09 17:11:41""","""75""","""True""","""""","""etherhiding""","""0"""
"2026-10-08 12:33:52","""1957191""","""maxocean-marketing.com""","""domain""","""payload_delivery""","""unknown_loader""","""None""","""Unknown Loader""","""2026-10-09 17:11:41""","""75""","""True""","""""","""etherhiding""","""0"""
"2026-10-08 12:33:52","""1957192""","""mcdanielwoolf.co.uk""","""domain""","""payload_delivery""","""unknown_loader""","""None""","""Unknown Loader""","""2026-10-09 17:11:42""","""75""","""True""","""""","""etherhiding""","""0"""
"2026-10-08 12:33:52","""1957193""","""meginzondervan.nl""","""domain""","""payload_delivery""","""unknown_loader""","""None""","""Unknown Loader""","""""","""75""","""True""","""""","""etherhiding""","""0"""
"2026-10-08 12:33:52","""1957194""","""metalljahn.de""","""domain""","""payload_delivery""","""unknown_loader""","""None""","""Unknown Loader""","""2026-10-09 17:11:42""","""75""","""True""","""""","""etherhiding""","""0"""
"2026-10-08 12:33:52","""1957195""","""mfmr.gov.sl""","""domain""","""payload_delivery""","""unknown_loader""","""None""","""Unknown Loader""","""2026-10-08 12:34:49""","""75""","""True""","""""","""etherhiding""","""0"""
"2026-10-08 12:33:52","""1957196""","""mielenz-stahlbau.de""","""domain""","""payload_delivery""","""unknown_loader""","""None""","""Unknown Loader""","""2026-10-09 17:11:42""","""75""","""True""","""""","""etherhiding""","""0"""
"2026-10-08 12:33:52","""1957197""","""mikagroep.nl""","""domain""","""payload_delivery""","""unknown_loader""","""None""","""Unknown Loader""","""2026-10-09 17:11:42""","""75""","""True""","""""","""etherhiding""","""0"""
"2026-10-08 12:33:52","""1957198""","""milleniummortgage.net""","""domain""","""payload_delivery""","""unknown_loader""","""None""","""Unknown Loader""","""""","""75""","""True""","""""","""etherhiding""","""0"""
"2026-10-08 12:33:52","""1957199""","""mm-mmm.com""","""domain""","""payload_delivery""","""unknown_loader""","""None""","""Unknown Loader""","""2026-10-09 17:11:42""","""75""","""True""","""""","""etherhiding""","""0"""
"2026-10-08 12:33:52","""1957200""","""moyula.cn""","""domain""","""payload_delivery""","""unknown_loader""","""None""","""Unknown Loader""","""2026-10-09 17:11:42""","""75""","""True""","""""","""etherhiding""","""0"""
"2026-10-08 12:33:52","""1957201""","""myswapscollection.com""","""domain""","""payload_delivery""","""unknown_loader""","""None""","""Unknown Loader""","""2026-10-09 17:11:42""","""75""","""True""","""""","""etherhiding""","""0"""
"2026-10-08 12:33:52","""1957202""","""n-sommer.de""","""domain""","""payload_delivery""","""unknown_loader""","""None""","""Unknown Loader""","""2026-10-09 17:11:42""","""75""","""True""","""""","""etherhiding""","""0"""
"2026-10-08 12:33:52","""1957203""","""ncux.nl""","""domain""","""payload_delivery""","""unknown_loader""","""None""","""Unknown Loader""","""2026-10-09 17:11:42""","""75""","""True""","""""","""etherhiding""","""0"""
"2026-10-08 12:33:52","""1957204""","""nemesvitakilato.hu""","""domain""","""payload_delivery""","""unknown_loader""","""None""","""Unknown Loader""","""2026-10-09 17:11:42""","""75""","""True""","""""","""etherhiding""","""0"""
"2026-10-08 12:33:52","""1957205""","""newerahealthcareservices.com""","""domain""","""payload_delivery""","""unknown_loader""","""None""","""Unknown Loader""","""""","""75""","""True""","""""","""etherhiding""","""0"""
"2026-10-08 12:33:52","""1957206""","""ngobrolfootball.com""","""domain""","""payload_delivery""","""unknown_loader""","""None""","""Unknown Loader""","""2026-10-09 17:11:42""","""75""","""True""","""""","""etherhiding""","""0"""
"2026-10-08 12:33:52","""1957207""","""noviscoalindonesia.com""","""domain""","""payload_delivery""","""unknown_loader""","""None""","""Unknown Loader""","""2026-10-09 17:11:42""","""75""","""True""","""""","""etherhiding""","""0"""
"2026-10-08 12:33:52","""1957208""","""nutsplus.co.in""","""domain""","""payload_delivery""","""unknown_loader""","""None""","""Unknown Loader""","""""","""75""","""True""","""""","""etherhiding""","""0"""
"2026-10-08 12:33:51","""1957171""","""inmoarc.com""","""domain""","""payload_delivery""","""unknown_loader""","""None""","""Unknown Loader""","""2026-10-09 17:11:08""","""75""","""True""","""""","""etherhiding""","""0"""
"2026-10-08 12:33:51","""1957172""","""iowapeernetwork.org""","""domain""","""payload_delivery""","""unknown_loader""","""None""","""Unknown Loader""","""2026-10-09 17:11:08""","""75""","""True""","""""","""etherhiding""","""0"""
"2026-10-08 12:33:51","""1957173""","""iplexus.in""","""domain""","""payload_delivery""","""unknown_loader""","""None""","""Unknown Loader""","""2026-10-09 17:11:08""","""75""","""True""","""""","""etherhiding""","""0"""
"2026-10-08 12:33:51","""1957174""","""isabellaisjakt.se""","""domain""","""payload_delivery""","""unknown_loader""","""None""","""Unknown Loader""","""2026-10-09 17:11:08""","""75""","""True""","""""","""etherhiding""","""0"""
"2026-10-08 12:33:51","""1957175""","""jk-products.co.za""","""domain""","""payload_delivery""","""unknown_loader""","""None""","""Unknown Loader""","""2026-10-09 17:11:08""","""75""","""True""","""""","""etherhiding""","""0"""
"2026-10-08 12:33:51","""1957176""","""kebap-koenig.at""","""domain""","""payload_delivery""","""unknown_loader""","""None""","""Unknown Loader""","""2026-10-09 17:11:08""","""75""","""True""","""""","""etherhiding""","""0"""
"2026-10-08 12:33:51","""1957177""","""kgv-sommerheim.de""","""domain""","""payload_delivery""","""unknown_loader""","""None""","""Unknown Loader""","""2026-10-09 17:11:08""","""75""","""True""","""""","""etherhiding""","""0"""
"2026-10-08 12:33:51","""1957178""","""kindercan.com""","""domain""","""payload_delivery""","""unknown_loader""","""None""","""Unknown Loader""","""2026-10-09 17:11:08""","""75""","""True""","""""","""etherhiding""","""0"""
"2026-10-08 12:33:51","""1957179""","""kirkagackavun.com""","""domain""","""payload_delivery""","""unknown_loader""","""None""","""Unknown Loader""","""2026-10-09 17:11:08""","""75""","""True""","""""","""etherhiding""","""0"""
"2026-10-08 12:33:51","""1957180""","""korowater.com""","""domain""","""payload_delivery""","""unknown_loader""","""None""","""Unknown Loader""","""2026-10-09 17:11:08""","""75""","""True""","""""","""etherhiding""","""0"""
"2026-10-08 12:33:51","""1957181""","""labpetcuritiba.com.br""","""domain""","""payload_delivery""","""unknown_loader""","""None""","""Unknown Loader""","""2026-10-09 17:11:41""","""75""","""True""","""""","""etherhiding""","""0"""
"2026-10-08 12:33:51","""1957182""","""laturbacantiano.it""","""domain""","""payload_delivery""","""unknown_loader""","""None""","""Unknown Loader""","""2026-10-09 17:11:41""","""75""","""True""","""""","""etherhiding""","""0"""
"2026-10-08 12:33:51","""1957183""","""levnaomi.org""","""domain""","""payload_delivery""","""unknown_loader""","""None""","""Unknown Loader""","""2026-10-09 17:11:41""","""75""","""True""","""""","""etherhiding""","""0"""
"2026-10-08 12:33:51","""1957184""","""limitlessroofingsolutions.co.uk""","""domain""","""payload_delivery""","""unknown_loader""","""None""","""Unknown Loader""","""2026-10-09 17:11:41""","""75""","""True""","""""","""etherhiding""","""0"""
"2026-10-08 12:33:51","""1957185""","""lisab.com.au""","""domain""","""payload_delivery""","""unknown_loader""","""None""","""Unknown Loader""","""""","""75""","""True""","""""","""etherhiding""","""0"""
"2026-10-08 12:33:51","""1957186""","""lofty-fabrics.com""","""domain""","""payload_delivery""","""unknown_loader""","""None""","""Unknown Loader""","""2026-10-09 17:11:41""","""75""","""True""","""""","""etherhiding""","""0"""
"2026-10-08 12:33:50","""1957158""","""fasthomepath.com""","""domain""","""payload_delivery""","""unknown_loader""","""None""","""Unknown Loader""","""""","""75""","""True""","""""","""etherhiding""","""0"""
"2026-10-08 12:33:50","""1957159""","""flexiehealth.co.zw""","""domain""","""payload_delivery""","""unknown_loader""","""None""","""Unknown Loader""","""""","""75""","""True""","""""","""etherhiding""","""0"""
"2026-10-08 12:33:50","""1957160""","""fotografstudyosu.com.tr""","""domain""","""payload_delivery""","""unknown_loader""","""None""","""Unknown Loader""","""2026-10-09 17:11:07""","""75""","""True""","""""","""etherhiding""","""0"""
"2026-10-08 12:33:50","""1957161""","""frankpulice.com""","""domain""","""payload_delivery""","""unknown_loader""","""None""","""Unknown Loader""","""2026-10-09 17:11:07""","""75""","""True""","""""","""etherhiding""","""0"""
"2026-10-08 12:33:50","""1957162""","""franksdigitaltv.com""","""domain""","""payload_delivery""","""unknown_loader""","""None""","""Unknown Loader""","""2026-10-09 17:11:07""","""75""","""True""","""""","""etherhiding""","""0"""
"2026-10-08 12:33:50","""1957163""","""fratelliseveso.it""","""domain""","""payload_delivery""","""unknown_loader""","""None""","""Unknown Loader""","""2026-10-09 17:11:07""","""75""","""True""","""""","""etherhiding""","""0"""
"2026-10-08 12:33:50","""1957164""","""fudepi.org""","""domain""","""payload_delivery""","""unknown_loader""","""None""","""Unknown Loader""","""2026-10-09 17:11:07""","""75""","""True""","""""","""etherhiding""","""0"""
"2026-10-08 12:33:50","""1957165""","""fulltimeservices.com.br""","""domain""","""payload_delivery""","""unknown_loader""","""None""","""Unknown Loader""","""""","""75""","""True""","""""","""etherhiding""","""0"""
"2026-10-08 12:33:50","""1957166""","""gardenabeels.be""","""domain""","""payload_delivery""","""unknown_loader""","""None""","""Unknown Loader""","""2026-10-09 17:11:07""","""75""","""True""","""""","""etherhiding""","""0"""
"2026-10-08 12:33:50","""1957167""","""gruppomassucci.com""","""domain""","""payload_delivery""","""unknown_loader""","""None""","""Unknown Loader""","""2026-10-09 17:11:07""","""75""","""True""","""""","""etherhiding""","""0"""
"2026-10-08 12:33:50","""1957168""","""happydays-toti.co.za""","""domain""","""payload_delivery""","""unknown_loader""","""None""","""Unknown Loader""","""2026-10-09 17:11:07""","""75""","""True""","""""","""etherhiding""","""0"""
"2026-10-08 12:33:50","""1957169""","""hartransplantasjon.eu""","""domain""","""payload_delivery""","""unknown_loader""","""None""","""Unknown Loader""","""2026-10-09 17:11:07""","""75""","""True""","""""","""etherhiding""","""0"""
"2026-10-08 12:33:50","""1957170""","""hotelimmagine.it""","""domain""","""payload_delivery""","""unknown_loader""","""None""","""Unknown Loader""","""2026-10-09 17:11:07""","""75""","""True""","""""","""etherhiding""","""0"""
"2026-10-08 12:33:49","""1957145""","""carbzaar.com""","""domain""","""payload_delivery""","""unknown_loader""","""None""","""Unknown Loader""","""2026-10-09 17:11:06""","""75""","""True""","""""","""etherhiding""","""0"""
"2026-10-08 12:33:49","""1957146""","""chatavalkov.sk""","""domain""","""payload_delivery""","""unknown_loader""","""None""","""Unknown Loader""","""2026-10-09 17:11:06""","""75""","""True""","""""","""etherhiding""","""0"""
"2026-10-08 12:33:49","""1957147""","""cierre3000.com""","""domain""","""payload_delivery""","""unknown_loader""","""None""","""Unknown Loader""","""2026-10-09 17:11:06""","""75""","""True""","""""","""etherhiding""","""0"""
"2026-10-08 12:33:49","""1957148""","""cupcon.de""","""domain""","""payload_delivery""","""unknown_loader""","""None""","""Unknown Loader""","""2026-10-09 17:11:06""","""75""","""True""","""""","""etherhiding""","""0"""
"2026-10-08 12:33:49","""1957149""","""david-chappell.com""","""domain""","""payload_delivery""","""unknown_loader""","""None""","""Unknown Loader""","""2026-10-09 17:11:06""","""75""","""True""","""""","""etherhiding""","""0"""
"2026-10-08 12:33:49","""1957150""","""dcanales.com""","""domain""","""payload_delivery""","""unknown_loader""","""None""","""Unknown Loader""","""2026-10-09 17:11:06""","""75""","""True""","""""","""etherhiding""","""0"""
"2026-10-08 12:33:49","""1957151""","""dramboat.com""","""domain""","""payload_delivery""","""unknown_loader""","""None""","""Unknown Loader""","""2026-10-09 17:11:06""","""75""","""True""","""""","""etherhiding""","""0"""
"2026-10-08 12:33:49","""1957152""","""e-bikroy.com""","""domain""","""payload_delivery""","""unknown_loader""","""None""","""Unknown Loader""","""2026-10-09 17:11:06""","""75""","""True""","""""","""etherhiding""","""0"""
"2026-10-08 12:33:49","""1957153""","""elitmuhendislik.com.tr""","""domain""","""payload_delivery""","""unknown_loader""","""None""","""Unknown Loader""","""2026-10-09 17:11:06""","""75""","""True""","""""","""etherhiding""","""0"""
"2026-10-08 12:33:49","""1957154""","""enniodifrancesco.it""","""domain""","""payload_delivery""","""unknown_loader""","""None""","""Unknown Loader""","""2026-10-09 17:11:07""","""75""","""True""","""""","""etherhiding""","""0"""
"2026-10-08 12:33:49","""1957155""","""eosusa.com""","""domain""","""payload_delivery""","""unknown_loader""","""None""","""Unknown Loader""","""2026-10-09 17:11:07""","""75""","""True""","""""","""etherhiding""","""0"""
"2026-10-08 12:33:49","""1957156""","""eruya.net""","""domain""","""payload_delivery""","""unknown_loader""","""None""","""Unknown Loader""","""""","""75""","""True""","""""","""etherhiding""","""0"""
"2026-10-08 12:33:49","""1957157""","""exceldesignoutfits.com""","""domain""","""payload_delivery""","""unknown_loader""","""None""","""Unknown Loader""","""2026-10-09 17:11:07""","""75""","""True""","""""","""etherhiding""","""0"""
"2026-10-08 12:33:48","""1957134""","""99homedecor.com""","""domain""","""payload_delivery""","""unknown_loader""","""None""","""Unknown Loader""","""2026-10-09 17:11:05""","""75""","""True""","""""","""etherhiding""","""0"""
"2026-10-08 12:33:48","""1957135""","""aibestuse.com""","""domain""","""payload_delivery""","""unknown_loader""","""None""","""Unknown Loader""","""2026-10-09 17:11:05""","""75""","""True""","""""","""etherhiding""","""0"""
"2026-10-08 12:33:48","""1957136""","""alpino.com.tr""","""domain""","""payload_delivery""","""unknown_loader""","""None""","""Unknown Loader""","""""","""75""","""True""","""""","""etherhiding""","""0"""
"2026-10-08 12:33:48","""1957137""","""amitypackaging.com""","""domain""","""payload_delivery""","""unknown_loader""","""None""","""Unknown Loader""","""2026-10-09 17:11:05""","""75""","""True""","""""","""etherhiding""","""0"""
"2026-10-08 12:33:48","""1957138""","""arthare.com""","""domain""","""payload_delivery""","""unknown_loader""","""None""","""Unknown Loader""","""2026-10-09 17:11:05""","""75""","""True""","""""","""etherhiding""","""0"""
"2026-10-08 12:33:48","""1957139""","""asthhc.com""","""domain""","""payload_delivery""","""unknown_loader""","""None""","""Unknown Loader""","""2026-10-09 17:11:05""","""75""","""True""","""""","""etherhiding""","""0"""
"2026-10-08 12:33:48","""1957140""","""bergrestaurant-polite.de""","""domain""","""payload_delivery""","""unknown_loader""","""None""","""Unknown Loader""","""2026-10-09 17:11:05""","""75""","""True""","""""","""etherhiding""","""0"""
"2026-10-08 12:33:48","""1957141""","""bindslev-museum.dk""","""domain""","""payload_delivery""","""unknown_loader""","""None""","""Unknown Loader""","""2026-10-09 17:11:05""","""75""","""True""","""""","""etherhiding""","""0"""
"2026-10-08 12:33:48","""1957142""","""bloemenop12.nl""","""domain""","""payload_delivery""","""unknown_loader""","""None""","""Unknown Loader""","""2026-10-09 17:11:05""","""75""","""True""","""""","""etherhiding""","""0"""
"2026-10-08 12:33:48","""1957143""","""bubr.ac.th""","""domain""","""payload_delivery""","""unknown_loader""","""None""","""Unknown Loader""","""2026-10-09 17:11:06""","""75""","""True""","""""","""etherhiding""","""0"""
"2026-10-08 12:33:48","""1957144""","""canalitapevi.com.br""","""domain""","""payload_delivery""","""unknown_loader""","""None""","""Unknown Loader""","""""","""75""","""True""","""""","""etherhiding""","""0"""
"2026-10-08 12:26:24","""1957133""","""0to3v0ri.morib.store""","""domain""","""payload_delivery""","""js.clearfake""","""None""","""ClearFake""","""""","""100""","""False""","""None""","""ClearFake","mac-0x0f14"
"2026-10-08 12:14:21","""1957125""","""www.aibestuse.com""","""domain""","""payload_delivery""","""js.clearfake""","""None""","""ClearFake""","""""","""90""","""True""","""None""","""compromised","EtherHide"""
"2026-10-08 12:14:21","""1957126""","""www.fulltimeservices.com.br""","""domain""","""payload_delivery""","""js.clearfake""","""None""","""ClearFake""","""""","""90""","""True""","""None""","""compromised","EtherHide"""
"2026-10-08 12:14:21","""1957127""","""namet.com.au""","""domain""","""payload_delivery""","""js.clearfake""","""None""","""ClearFake""","""""","""90""","""True""","""None""","""compromised","EtherHide"""
"2026-10-08 12:14:20","""1957121""","""europevoyages-madagascartours.com""","""domain""","""payload_delivery""","""js.clearfake""","""None""","""ClearFake""","""2026-10-09 17:11:07""","""90""","""True""","""None""","""compromised","EtherHide"""
"2026-10-08 12:14:20","""1957122""","""iaro.org.nz""","""domain""","""payload_delivery""","""js.clearfake""","""None""","""ClearFake""","""2026-10-09 17:11:07""","""90""","""True""","""None""","""compromised","EtherHide"""
"2026-10-08 12:14:20","""1957123""","""behinja.com""","""domain""","""payload_delivery""","""js.clearfake""","""None""","""ClearFake""","""2026-10-08 12:33:48""","""90""","""True""","""None""","""compromised","EtherHide"""
"2026-10-08 12:14:20","""1957124""","""kanasacademy.com""","""domain""","""payload_delivery""","""js.clearfake""","""None""","""ClearFake""","""2026-10-09 17:11:08""","""90""","""True""","""None""","""compromised","EtherHide"""
"2026-10-08 12:14:19","""1957117""","""www.fasthomepath.com""","""domain""","""payload_delivery""","""js.clearfake""","""None""","""ClearFake""","""""","""90""","""True""","""None""","""compromised","EtherHide"""
"2026-10-08 12:14:19","""1957118""","""arnidecor.com""","""domain""","""payload_delivery""","""js.clearfake""","""None""","""ClearFake""","""2026-10-09 17:11:05""","""90""","""True""","""None""","""compromised","EtherHide"""
"2026-10-08 12:14:19","""1957119""","""www.bindslev-museum.dk""","""domain""","""payload_delivery""","""js.clearfake""","""None""","""ClearFake""","""""","""90""","""True""","""None""","""compromised","EtherHide"""
"2026-10-08 12:14:19","""1957120""","""bulimester.hu""","""domain""","""payload_delivery""","""js.clearfake""","""None""","""ClearFake""","""2026-10-09 17:11:06""","""90""","""True""","""None""","""compromised","EtherHide"""
"2026-10-08 12:14:18","""1957114""","""chogianphoi.vn""","""domain""","""payload_delivery""","""js.clearfake""","""None""","""ClearFake""","""2026-10-09 17:11:06""","""90""","""True""","""None""","""compromised","EtherHide"""
"2026-10-08 12:14:18","""1957115""","""drmitachowdhury.com""","""domain""","""payload_delivery""","""js.clearfake""","""None""","""ClearFake""","""2026-10-09 17:11:06""","""90""","""True""","""None""","""compromised","EtherHide"""
"2026-10-08 12:14:18","""1957116""","""www.jk-products.co.za""","""domain""","""payload_delivery""","""js.clearfake""","""None""","""ClearFake""","""""","""90""","""True""","""None""","""compromised","EtherHide"""
"2026-10-08 12:14:17","""1957113""","""comprojoiasrj.com.br""","""domain""","""payload_delivery""","""js.clearfake""","""None""","""ClearFake""","""2026-10-09 17:11:06""","""90""","""True""","""None""","""compromised","EtherHide"""
"2026-10-08 12:04:16","""1957104""","""bollnasbilatervinning.se""","""domain""","""payload_delivery""","""js.clearfake""","""None""","""ClearFake""","""""","""90""","""True""","""None""","""compromised","EtherHide"""
"2026-10-08 12:04:16","""1957105""","""www.hartransplantasjon.eu""","""domain""","""payload_delivery""","""js.clearfake""","""None""","""ClearFake""","""""","""90""","""True""","""None""","""compromised","EtherHide"""
"2026-10-08 12:04:16","""1957106""","""www.e-bikroy.com""","""domain""","""payload_delivery""","""js.clearfake""","""None""","""ClearFake""","""""","""90""","""True""","""None""","""compromised","EtherHide"""
"2026-10-08 12:04:16","""1957107""","""intercobrancas.com""","""domain""","""payload_delivery""","""js.clearfake""","""None""","""ClearFake""","""2026-10-09 17:11:08""","""90""","""True""","""None""","""compromised","EtherHide"""
"2026-10-08 12:04:15","""1957100""","""cortimet.cl""","""domain""","""payload_delivery""","""js.clearfake""","""None""","""ClearFake""","""2026-10-09 17:11:06""","""90""","""True""","""None""","""compromised","EtherHide"""
"2026-10-08 12:04:15","""1957101""","""baferequipos.com""","""domain""","""payload_delivery""","""js.clearfake""","""None""","""ClearFake""","""2026-10-09 17:11:05""","""90""","""True""","""None""","""compromised","EtherHide"""
"2026-10-08 12:04:15","""1957102""","""davidov-property.com""","""domain""","""payload_delivery""","""js.clearfake""","""None""","""ClearFake""","""2026-10-09 17:11:06""","""90""","""True""","""None""","""compromised","EtherHide"""
"2026-10-08 12:04:15","""1957103""","""jaduanas.pe""","""domain""","""payload_delivery""","""js.clearfake""","""None""","""ClearFake""","""2026-10-09 17:11:08""","""90""","""True""","""None""","""compromised","EtherHide"""
"2026-10-08 12:04:14","""1957096""","""cmr.rs""","""domain""","""payload_delivery""","""js.clearfake""","""None""","""ClearFake""","""2026-10-09 17:11:06""","""90""","""True""","""None""","""compromised","EtherHide"""
"2026-10-08 12:04:14","""1957097""","""keypainting.net""","""domain""","""payload_delivery""","""js.clearfake""","""None""","""ClearFake""","""2026-10-09 17:11:08""","""90""","""True""","""None""","""compromised","EtherHide"""
"2026-10-08 12:04:14","""1957098""","""2growvn.com""","""domain""","""payload_delivery""","""js.clearfake""","""None""","""ClearFake""","""2026-10-09 17:11:05""","""90""","""True""","""None""","""compromised","EtherHide"""
"2026-10-08 12:04:14","""1957099""","""inmes.cl""","""domain""","""payload_delivery""","""js.clearfake""","""None""","""ClearFake""","""2026-10-09 17:11:08""","""90""","""True""","""None""","""compromised","EtherHide"""
"2026-10-08 12:04:13","""1957092""","""irqtg.ir""","""domain""","""payload_delivery""","""js.clearfake""","""None""","""ClearFake""","""2026-10-09 17:11:08""","""90""","""True""","""None""","""compromised","EtherHide"""
"2026-10-08 12:04:13","""1957093""","""www.franksdigitaltv.com""","""domain""","""payload_delivery""","""js.clearfake""","""None""","""ClearFake""","""""","""90""","""True""","""None""","""compromised","EtherHide"""
"2026-10-08 12:04:13","""1957094""","""drahmedadel.com""","""domain""","""payload_delivery""","""js.clearfake""","""None""","""ClearFake""","""2026-10-09 17:11:06""","""90""","""True""","""None""","""compromised","EtherHide"""
"2026-10-08 12:04:13","""1957095""","""fsglobaladvisory.com""","""domain""","""payload_delivery""","""js.clearfake""","""None""","""ClearFake""","""2026-10-09 17:11:07""","""90""","""True""","""None""","""compromised","EtherHide"""
"2026-10-08 12:04:12","""1957089""","""www.david-chappell.com""","""domain""","""payload_delivery""","""js.clearfake""","""None""","""ClearFake""","""""","""90""","""True""","""None""","""compromised","EtherHide"""
"2026-10-08 12:04:12","""1957090""","""electrozirveofficial.com""","""domain""","""payload_delivery""","""js.clearfake""","""None""","""ClearFake""","""2026-10-09 17:11:06""","""90""","""True""","""None""","""compromised","EtherHide"""
"2026-10-08 12:04:12","""1957091""","""audricandsofiya.wedding""","""domain""","""payload_delivery""","""js.clearfake""","""None""","""ClearFake""","""2026-10-09 17:11:05""","""90""","""True""","""None""","""compromised","EtherHide"""
"2026-10-08 12:04:11","""1957087""","""www.dcanales.com""","""domain""","""payload_delivery""","""js.clearfake""","""None""","""ClearFake""","""""","""90""","""True""","""None""","""compromised","EtherHide"""
"2026-10-08 12:04:11","""1957088""","""holubik.com""","""domain""","""payload_delivery""","""js.clearfake""","""None""","""ClearFake""","""""","""90""","""True""","""None""","""compromised","EtherHide"""
"2026-10-08 11:55:48","""1957083""","""tb.3toto.com""","""domain""","""botnet_cc""","""win.vidar""","""None""","""Vidar""","""""","""100""","""True""","""None""","""vidar""","""0"""
"2026-10-08 11:55:48","""1957085""","""tb.333vip.org""","""domain""","""botnet_cc""","""win.vidar""","""None""","""Vidar""","""""","""100""","""True""","""None""","""vidar""","""0"""
"2026-10-08 09:48:56","""1957069""","""nhuel2vu.tanyavondegurechaff.fit""","""domain""","""payload_delivery""","""js.clearfake""","""None""","""ClearFake""","""""","""100""","""False""","""None""","""ClearFake","mac-0xdcf2"
"2026-10-08 09:38:34","""1957044""","""couteaux-fontaine.com""","""domain""","""payload_delivery""","""js.clearfake""","""None""","""ClearFake""","""""","""90""","""True""","""None""","""compromised","EtherHide"""
"2026-10-08 09:02:56","""1957042""","""distrostation.cfd""","""domain""","""botnet_cc""","""unknown_loader""","""None""","""Unknown Loader""","""""","""100""","""False""","""""","""OffLoader""","""0"""
"2026-10-08 08:58:30","""1957041""","""servtechh.com.br""","""domain""","""payload_delivery""","""js.clearfake""","""None""","""ClearFake""","""""","""90""","""True""","""None""","""compromised","EtherHide"""
"2026-10-08 08:52:25","""1957031""","""zeodth.click""","""domain""","""botnet_cc""","""win.remus""","""None""","""Remus""","""""","""100""","""False""","""https://bazaar.abuse.ch/sample/c975e382d6cb1003895b5c9ba7465aa1886621b0674ddba837d2a1f45eccfd39/""","""c2","RemusStealer"""
"2026-10-08 08:52:24","""1957032""","""www.regioncheck.xyz""","""domain""","""payload_delivery""","""js.contagious_drop""","""None""","""ContagiousDrop""","""""","""100""","""False""","""https://www.threatlocker.com/blog/malicious-vs-code-tasks-json-abuse-enables-multi-stage-infostealer-deployment""","""ContagiousInterview","vscode"
"2026-10-08 08:47:32","""1957033""","""fireipsrevolt.top""","""domain""","""payload_delivery""","""js.iclickfix""","""None""","""IClickFix""","""""","""100""","""False""","""""","""ClickFix""","""0"""
"2026-10-08 08:47:32","""1957034""","""verify.proxy08.com""","""domain""","""payload_delivery""","""js.iclickfix""","""None""","""IClickFix""","""""","""100""","""False""","""""","""ClickFix""","""0"""
"2026-10-08 08:47:32","""1957035""","""tight-dew-df89.esbpomiqpz.workers.dev""","""domain""","""payload_delivery""","""js.iclickfix""","""None""","""IClickFix""","""""","""100""","""False""","""""","""ClickFix""","""0"""
"2026-10-08 08:21:19","""1957022""","""hdios.cn""","""domain""","""payload_delivery""","""unknown""","""None""","""Unknown malware""","""""","""75""","""True""","""https://www.clickfixed.uk/intel/19126""","""ClickFix""","""0"""
"2026-10-08 08:21:18","""1957023""","""jakob-webdesign.de""","""domain""","""payload_delivery""","""unknown""","""None""","""Unknown malware""","""""","""75""","""True""","""https://www.clickfixed.uk/intel/19127""","""ClickFix""","""0"""
"2026-10-08 08:18:42","""1957029""","""iti1sfwe.misle.store""","""domain""","""payload_delivery""","""js.clearfake""","""None""","""ClearFake""","""""","""100""","""False""","""None""","""ClearFake","mac-0x0f14"
